Item_Identifier,Item_Outlet_Sales
FDW58,2122
FDW14,1228
NCN55,2225
FDQ58,2211
FDY38,5043
FDH56,1819
FDL48,1193
FDC48,2770
FDN33,1484
FDA36,2726
FDT44,1480
FDQ56,1315
NCC54,2424
FDU11,2259
DRL59,631
FDM24,2768
FDI57,3128
DRC12,3443
NCM42,3202
FDA46,1318
FDA31,2475
NCJ31,3152
FDG52,650
NCL19,1115
FDS10,2453
FDX22,1870
NCF19,394
NCE06,2445
DRC27,3770
FDE21,1449
NCR42,-666
FDX51,3576
NCR06,1175
FDU31,4930
FDU59,2236
FDR03,4755
FDS49,2664
FDD48,313
NCF18,2651
NCD43,3123
NCD54,2694
FDY19,268
NCY54,2255
NCL19,2753
FDP23,1922
FDC26,1462
FDR14,-970
NCS41,2486
FDF41,3374
FDU34,1866
DRH11,834
FDM03,1376
FDS31,2595
FDJ20,1570
FDV44,4454
FDG02,3412
FDA09,2737
FDT04,288
FDL58,2876
FDE52,1531
FDW12,1961
FDL51,3099
NCY42,3718
FDR07,1170
FDN40,2397
FDB35,2873
FDA22,2340
NCL06,4033
FDI35,2662
NCW42,3489
NCX06,3249
FDC37,3167
FDZ14,2409
DRG49,4201
NCG06,4078
DRC36,2801
FDV21,418
FDB53,2147
DRP47,2488
FDA14,2019
DRC24,2030
FDW21,2138
NCH29,1535
FDU58,2856
FDY27,2545
FDV56,1413
FDT59,3586
FDB23,3574
FDR49,646
FDB03,2002
FDN39,2736
FDX02,4929
FDQ16,3149
FDU35,1968
NCT29,1714
FDZ27,787
FDN57,1893
FDA03,2741
FDZ36,2985
NCU05,1085
FDT39,2918
FDK60,1199
FDZ25,2434
FDG12,2068
DRB01,1767
NCC43,5303
FDX13,2688
FDM22,1264
FDJ03,2217
FDU14,4409
FDB33,1035
FDP27,2849
FDO38,-396
FDE28,4983
FDO27,967
DRL23,3175
FDS28,842
FDX24,1340
FDZ02,1204
FDL46,1849
FDS60,4274
NCO06,135
FDO16,1020
FDC60,1709
FDA48,3779
FDZ36,4482
FDK27,2002
FDW23,1019
FDM14,2216
FDM14,1568
FDW60,3329
FDE21,1682
NCM42,1388
FDY59,7
DRI49,1445
FDT28,1123
FDQ22,1080
FDR60,1423
FDC50,2
FDV24,2133
DRF48,1560
FDQ47,409
DRN36,1973
NCY06,1614
FDE52,1096
NCB54,2046
NCF31,2018
FDJ08,4321
NCC07,1405
NCD19,2352
FDL46,2305
FDM20,3920
NCI06,1307
DRM11,3662
NCH07,2851
FDS23,1728
FDO49,1277
FDS35,1327
DRK39,1352
DRI39,1223
FDV04,2086
NCN14,2398
FDH08,3495
FDS20,2832
FDV40,1614
FDZ48,126
FDS24,2840
FDK44,2991
FDS48,2475
FDK26,1496
FDD23,3039
NCH54,2174
NCP14,-1
FDM60,-860
FDV24,2024
FDH08,4077
FDS12,3256
FDR39,4221
FDP12,2068
DRF60,5136
FDC09,1293
FDF50,3529
FDG28,3479
NCE19,535
NCM53,149
NCN18,2215
FDF32,2696
FDF11,3652
DRI59,3927
NCG54,2231
FDM44,1582
FDT57,4172
FDV24,2269
FDI50,2442
FDS09,423
NCC31,3916
FDQ07,2152
FDC22,2632
FDZ56,2645
FDZ40,-330
FDS46,3342
DRD24,2268
FDV45,2674
FDL26,2434
FDA56,2433
FDN27,1808
FDM20,4242
FDO16,1090
FDL03,2734
FDE58,1774
FDI02,3141
NCC55,-666
FDR03,3748
FDB14,1101
FDR45,3587
NCN07,1767
FDM51,494
FDT52,5319
FDL26,2328
NCZ42,3770
DRI47,1145
FDW40,1979
FDN34,2716
FDS01,2465
NCG55,1877
FDC11,823
FDX35,3990
NCB06,2413
FDR09,2779
FDC53,1309
FDY45,3876
FDA22,1026
FDE02,1011
FDW21,1751
FDV34,1220
FDS59,2139
NCW17,1759
NCK54,1836
FDG17,2684
FDG35,2514
FDD08,-885
NCO07,3096
FDJ10,618
FDW36,1345
FDW21,240
FDY19,1564
DRE03,578
NCC55,975
FDH52,-470
FDO09,3771
FDU43,3799
FDX09,1180
FDH40,51
FDW58,1401
FDC47,3154
NCR41,1104
DRG49,3427
FDC52,3929
FDY13,1169
FDY35,592
FDI35,2568
NCU18,2589
FDY33,2876
FDC15,3712
FDU01,3401
NCU42,2677
NCV29,3265
NCY30,2601
FDQ46,2072
FDG58,3831
FDK33,3098
NCD07,1861
NCX29,3652
NCT42,2201
DRN59,311
FDI44,772
FDA45,2984
FDP31,919
FDY01,1623
FDT09,2604
DRH03,3007
FDA36,3441
NCF31,2128
FDG14,2798
FDG28,5322
FDU14,4311
FDY47,872
FDI56,1749
DRD01,721
FDM22,934
FDH33,369
DRZ24,1633
NCQ38,1663
FDO16,2819
FDU07,3769
NCB07,2805
FDU48,2093
NCM43,2676
FDR31,787
DRK49,1096
NCI30,2258
DRD60,2558
NCG19,3475
FDH12,1183
FDM32,1082
FDM27,1931
NCU53,4123
NCQ18,1381
FDS10,2627
FDB33,3963
FDI12,1132
NCW42,3259
NCC06,2472
FDW02,1767
NCD43,1418
FDM57,1734
FDA58,3342
FDK56,2743
FDP52,3761
FDW20,2362
FDS52,2040
NCT29,2295
NCL54,2535
FDC05,3104
FDF34,2796
FDP03,3414
FDD32,-179
FDZ10,2108
FDZ40,499
FDD51,1018
NCY30,1671
FDP58,2960
FDV49,3898
FDY24,-570
NCO55,1336
FDR13,1623
FDS51,718
FDP26,1561
NCB54,3474
FDF32,2762
FDN31,3362
DRM48,177
FDN20,3051
DRL01,3702
FDV56,2153
DRH13,3170
FDA03,2022
FDF47,4871
FDX32,2212
FDX57,1929
NCA30,2854
FDO49,663
FDL04,270
DRM48,99
FDR16,3109
NCC19,3396
NCE42,3771
FDY24,511
FDH19,3138
FDJ46,2542
FDN45,1787
FDY08,1671
FDZ37,1077
NCT30,721
DRY23,1044
NCZ30,2399
FDC44,2010
FDB45,1280
FDY04,2411
FDM27,2637
FDZ43,3523
FDT39,1296
NCC06,804
FDL15,3854
FDL57,3746
FDU08,1553
FDK40,3905
FDQ12,2093
FDS48,2114
FDP09,3369
FDW21,2063
FDY25,2484
DRE13,1104
FDV43,-607
FDD22,1722
FDM46,-56
NCO30,1439
FDM25,2708
NCN41,2300
FDU24,1423
FDZ50,2833
FDP45,3809
NCM54,2010
FDW10,1479
FDP20,1709
FDK32,2356
FDN52,1680
FDM58,1887
FDZ46,3155
NCA18,2271
FDD35,1906
NCK31,441
FDI40,2941
FDT50,203
NCT06,2552
FDT31,2601
FDT45,1201
FDT13,3018
FDO50,1420
NCU18,658
NCR54,3370
NCO18,3267
FDU09,954
FDT13,3415
FDE09,1773
NCK53,413
FDG45,3810
DRH15,243
FDO21,2439
FDD14,4106
FDC09,1636
FDH45,2077
FDV32,939
FDG12,1605
FDS32,2069
NCL55,4345
DRE01,3248
DRE15,1639
NCL42,3911
FDP31,666
FDN33,1839
FDZ59,2516
FDE45,1285
FDJ07,1741
FDQ45,3427
FDM33,4815
FDO15,-208
FDM46,1110
FDR03,3356
FDY49,3128
FDQ60,1869
FDW10,3199
FDO51,1152
FDJ40,2174
FDS20,3292
FDU45,1632
FDV02,2246
FDN09,3770
NCM55,4345
FDN23,2713
FDY31,779
FDW03,262
FDD14,2624
FDV23,1606
DRI03,2851
FDN13,1004
FDF45,2479
FDU46,1095
FDB57,3927
FDV12,2055
FDQ58,2251
NCA18,1533
FDH52,1471
FDM24,2794
NCP43,4315
NCO18,1625
FDM32,1136
NCL07,345
FDK03,3777
FDP59,1327
FDQ24,4378
FDQ16,2148
FDU44,2359
FDH28,-1049
FDV28,-906
FDM22,936
FDR56,2982
FDV39,3537
FDU37,-55
FDQ11,2667
FDX02,3525
NCS42,1872
FDY57,2859
FDB21,4026
FDE28,3226
FDQ55,1584
FDA48,3767
FDZ19,2726
NCC43,3943
NCV18,1182
NCA42,2976
FDY45,3998
NCC30,2871
FDM57,1155
FDL09,894
FDB09,3387
FDT44,1390
NCT06,4039
FDX26,3186
FDK32,2315
DRA12,2212
FDO46,1546
FDE52,1249
NCH42,3685
FDV08,331
FDB47,3703
FDC28,199
FDD22,1671
FDS07,3176
DRI13,3473
FDG32,3706
FDU14,3644
FDD28,-296
NCP41,1480
FDS08,3133
FDX47,2591
FDC53,474
FDQ19,3497
FDL14,2546
FDM33,2109
FDA51,1687
FDZ27,1268
FDT04,478
DRC13,2410
FDR16,4758
FDQ03,5134
FDE38,2268
DRH23,2154
FDT11,1823
FDD09,2471
FDR40,1456
FDX07,2653
FDR07,1076
FDA51,1374
FDT59,2487
FDF20,2793
FDR13,1923
FDY26,3724
FDW04,1787
FDK52,3206
FDN60,2771
FDM09,1402
FDP46,1718
FDB50,-250
NCQ29,4355
FDP16,5301
FDX33,2899
FDP07,1607
FDN22,3773
FDF39,4585
FDS21,734
NCM42,1516
FDK50,1408
DRF13,3773
FDH35,2968
FDP60,1975
DRJ49,3536
NCT42,1185
FDE38,3033
FDI04,3491
NCH54,2483
FDT56,1239
DRD15,4061
FDV58,2908
FDP21,3400
FDH05,3427
FDR10,4036
NCP06,2384
FDF33,2107
DRK37,2858
DRH49,1421
FDT58,2393
FDD41,2062
FDP40,2247
FDM51,3113
FDO45,-109
FDW33,21
FDY24,1035
FDB10,2143
FDM40,1674
NCI06,2558
FDW12,1117
FDX48,3930
NCW05,2978
FDX27,1127
DRM37,3063
FDA38,3841
FDR36,537
FDZ45,3045
FDG05,2177
FDK28,3855
FDV47,1376
FDN21,2499
FDP20,3519
FDI35,2897
DRY23,522
FDA56,1710
FDB09,1724
NCO26,3247
FDQ49,2921
FDI52,3279
FDZ44,3308
FDZ09,2912
FDY03,2143
NCG42,1715
DRI13,4898
FDQ32,1815
FDW16,1086
FDU27,537
FDR28,1116
FDQ49,992
FDS37,1825
FDW26,3837
FDX12,4270
NCP06,2178
FDW45,760
NCN30,1913
FDN24,1120
NCL41,1982
FDR02,583
FDD09,1370
FDS33,9
FDU22,1853
FDI53,2271
DRH01,3044
FDX32,2012
NCP30,1073
FDB60,3151
FDB14,1783
NCP02,558
FDJ10,1844
FDG34,1809
NCB18,1093
FDM16,1624
FDW25,1797
FDB35,-103
DRN11,1895
FDF41,2450
FDH16,1429
NCQ50,3773
DRH23,1137
DRJ37,2179
DRJ24,4235
FDY16,2449
FDQ27,1759
FDZ33,2291
FDF29,2177
FDA08,2975
FDG31,1063
FDE34,1865
NCR30,2576
FDV33,3736
DRZ24,2405
NCL54,2288
FDR12,3159
NCC54,3662
DRN59,609
FDX50,455
FDV31,4153
NCA29,4189
FDW60,3263
FDX08,2617
DRD49,3335
FDD33,3487
FDW35,553
FDJ36,1240
FDV51,2243
FDW36,1628
FDH35,2516
NCS30,3435
FDN49,228
FDL08,4288
FDI09,3463
FDP19,2274
FDU21,-1037
NCP41,1779
FDY10,1573
FDP12,1061
NCN26,2246
FDK44,2389
FDC28,2098
FDJ41,5605
NCT29,1537
NCH42,2403
FDU60,3056
FDS02,2963
FDC51,1992
FDU03,2633
FDX39,3392
NCY05,-961
NCL06,5481
FDD32,974
NCN41,1958
NCX53,2641
FDU57,1066
FDQ23,1650
FDQ52,3822
FDC14,721
FDY09,2419
FDQ28,2512
FDV25,3411
FDJ07,1508
DRB25,2013
FDK52,2236
FDY52,2508
FDB28,3004
FDT36,98
FDV25,3219
NCN07,3517
FDC57,2749
FDQ03,4124
FDU23,2381
NCX41,2984
NCD06,280
FDW08,1532
NCU29,2007
NCE06,2294
FDV52,150
FDB02,2556
NCR18,763
FDK16,1952
NCQ29,2381
FDZ01,564
FDW27,1977
FDD17,4194
FDW39,2656
DRH59,1173
FDS52,1493
FDU40,4523
NCF54,2529
FDH46,1719
NCP14,1931
FDH50,3392
DRF15,899
FDV27,2871
NCJ06,2276
FDN02,3603
FDQ51,1188
FDQ07,3173
FDS45,2194
NCJ06,1951
FDD36,1498
FDY25,2933
FDU52,2383
DRK47,3219
NCL30,1720
FDN22,3440
NCF30,3309
FDK03,3626
FDT45,564
NCC54,5124
FDP08,3411
FDU44,2545
DRG39,455
FDU32,2345
FDY27,3277
NCP54,1766
NCZ41,2330
DRL49,2048
FDI05,1562
FDY56,3599
DRC13,1845
NCV29,2576
FDR24,1788
FDZ34,3406
FDP37,1450
FDX08,4323
FDS57,2169
NCG18,2030
FDK25,2952
FDH53,1719
DRI59,3942
FDA52,2639
FDT20,-895
FDE36,1393
FDI24,2376
FDB28,3498
FDV11,2485
FDP01,2372
FDD34,4027
FDJ50,2310
FDZ44,1672
DRO59,802
DRB48,795
FDR21,3134
NCE42,2226
FDO23,1266
NCE30,3676
FDQ22,198
FDY01,1708
FDS08,2508
FDG28,4339
FDQ51,1272
FDB05,3547
FDO56,2263
FDE02,1964
FDN45,3083
FDS09,660
NCA54,3288
FDP09,1821
FDC53,1670
NCM55,2606
FDL09,2976
FDA11,269
FDA50,1458
FDC23,2549
FDE22,2909
FDD23,2930
NCA29,3132
FDK38,2276
DRC13,1938
NCP43,3210
FDX28,1851
FDF08,1802
FDZ33,2223
FDD10,3272
FDO58,2257
FDI50,3393
FDO58,2637
FDX08,2696
NCK17,-846
FDF39,3795
FDU45,293
NCJ18,2104
DRC27,2616
DRC25,975
FDU59,2083
FDU28,2686
NCP30,619
FDB39,1320
FDE41,1196
DRH11,-696
FDA58,3658
FDU50,1787
FDM34,1804
FDM44,3038
FDR39,2849
FDM25,2820
FDQ49,2870
DRH25,1293
FDM09,4101
FDL44,1415
NCR42,978
DRL59,823
FDX43,2421
DRK47,1988
FDU48,2477
FDY12,742
NCN43,2427
NCM55,3285
FDQ21,3452
FDX13,3565
NCK30,5359
FDG20,3040
DRG27,268
FDY14,4547
FDP59,1237
FDU60,2462
NCC18,1143
DRJ39,3128
FDS07,2051
FDM08,4958
FDP51,1910
FDU16,914
FDH12,1441
DRE48,1625
NCL42,5286
FDR21,2780
NCW29,1712
FDO11,3818
NCM31,2568
FDV35,1014
FDF58,744
NCE43,2953
FDA02,1934
DRL37,-850
FDR24,1873
FDW59,1732
FDS22,1159
FDW24,537
FDU24,1019
FDA21,4382
FDH58,3297
FDW36,2060
FDI45,4174
FDU01,3440
FDF35,2993
FDU43,2521
FDE24,930
FDK50,2983
FDG31,1054
FDC60,1414
FDL36,1188
FDP21,2871
FDW16,1506
FDX02,3216
FDQ58,3912
FDT51,1799
FDD59,1638
NCM42,2199
FDA57,1067
FDZ48,1444
FDE46,2466
NCZ30,752
FDB56,2668
FDA25,3090
FDD20,1851
FDL25,1194
NCO18,3199
FDJ45,215
FDR12,2353
NCF19,-743
FDK25,2443
NCR17,1801
FDC52,2443
NCA54,2568
FDR45,2274
NCM19,2169
FDF39,5649
FDX23,1951
FDD58,2991
FDX28,1371
NCD31,2421
FDU57,2782
FDI27,733
NCM42,1711
FDD32,2769
FDI34,3384
NCM29,2440
FDG46,2274
DRC01,-627
FDB15,5427
NCA17,3809
FDF10,2143
FDR26,4255
FDI02,2070
NCM54,459
FDF14,2232
FDJ33,314
FDM20,3487
FDC03,4510
NCX05,1715
NCM41,2914
NCU29,866
FDQ59,1062
FDH46,134
FDH09,605
NCD06,706
FDC15,1841
DRD37,2207
FDT28,3729
FDR28,4082
FDT38,1044
FDV34,2724
FDY52,700
FDB34,1155
DRL23,2126
DRB24,2428
FDJ50,863
FDQ49,2073
FDP20,1558
FDV19,3999
NCR54,3050
FDO09,2392
FDS57,2586
FDN10,2233
FDV23,2272
FDY28,3633
DRG51,2419
FDD45,70
NCL18,4288
NCM29,1918
FDF17,4528
FDE22,2279
FDQ22,328
FDS01,2684
FDW35,2138
FDJ33,1894
NCF54,2301
FDE09,1593
NCE06,2528
DRH49,1669
FDY43,2633
NCT05,3754
FDZ34,3023
FDL38,1251
FDZ31,2628
FDR14,310
NCN54,1650
NCC42,3645
FDK08,1406
FDP59,1482
FDV22,2170
FDD33,3190
DRE60,4828
FDK52,3453
FDA02,2143
FDM56,2058
FDE57,1825
FDM32,1463
NCQ30,3387
FDQ27,3203
FDT60,3365
FDU43,4153
NCO55,1231
FDG02,3103
FDJ28,2846
FDP40,1879
FDJ38,3089
NCC54,3414
NCZ41,1892
FDK38,1249
FDU52,2241
FDC40,1163
NCR30,836
NCN18,1365
FDB50,687
FDG04,2900
FDR26,2386
NCT17,3405
FDX35,4990
FDS12,1778
NCZ29,3389
FDB38,1072
FDP12,458
FDP22,802
FDS26,4438
FDR52,2964
DRJ13,2462
FDU48,3489
FDE29,435
NCT29,2275
DRK37,3411
FDK55,1358
FDR07,1405
FDO21,5059
FDK46,4465
FDB12,1710
FDT31,4534
FDJ33,1978
FDC26,3047
NCQ02,3060
FDP08,1351
FDB11,4959
FDV55,2089
FDW20,2312
NCJ18,372
FDC41,1507
FDE14,3099
FDG35,2643
FDF45,601
FDS19,2678
FDS58,1397
FDA26,3174
FDM32,1789
FDL45,1953
FDZ55,2944
FDY37,2667
FDO46,3048
FDQ60,1800
FDA19,2477
FDL15,2368
FDM10,3711
NCL05,378
DRK49,-839
NCE18,5425
FDG40,940
DRI59,3537
FDK28,3584
NCD06,-612
FDO11,2796
FDK27,1901
FDT43,2284
FDD38,2126
FDA16,3862
FDL14,3921
NCM17,1059
FDD20,2025
FDA40,1534
FDL43,1307
FDV15,1512
FDE52,1439
NCL17,692
NCJ31,3568
FDR60,1149
NCA18,1431
FDS21,2521
FDW09,921
FDL26,2100
FDS47,1701
FDC39,3034
FDT51,1462
FDK40,3792
NCG19,3564
FDZ07,902
FDF08,2851
FDO04,714
FDK41,1617
FDP15,4322
NCD43,2142
NCP18,2187
FDZ51,1546
DRH13,1364
FDF38,752
NCI43,842
FDM38,2346
FDS03,803
DRJ47,2390
FDT50,-100
FDV02,2638
NCG18,1456
FDW52,2595
FDS40,238
FDN31,2746
FDA37,2012
FDA15,3930
FDL39,2804
FDJ53,1928
FDX22,3207
NCZ42,3813
FDD56,4155
FDD40,2815
FDS50,3251
NCN14,2769
FDT15,2736
NCS18,3157
NCO26,214
FDF58,1459
NCB19,1131
FDH26,1968
DRB24,3879
FDA49,1745
FDB32,1562
FDI36,2910
NCA17,802
FDH22,1658
NCM26,2896
FDT15,4363
FDB16,1817
NCP54,3407
FDJ36,1333
FDO28,1904
FDU09,696
FDF29,1883
FDY08,1879
DRJ59,1066
FDT23,2693
FDU15,1104
FDT47,1434
FDI53,1510
FDR59,4550
FDD53,255
FDY51,3110
FDT04,886
FDU51,3100
FDG14,2039
NCU06,3612
DRG25,2922
DRH49,948
FDN15,1798
FDL43,1673
NCT18,3226
NCB31,3812
FDK57,1443
FDY04,1400
NCP54,1889
FDF41,3513
FDM01,1778
FDW03,1776
FDF28,2015
FDY37,2006
FDQ03,3415
FDP51,3308
FDJ40,1490
FDC32,1757
DRI49,2516
NCW54,533
FDF09,387
FDP45,4413
DRJ23,3359
FDS59,1502
FDY08,1999
FDX16,2737
FDY16,3285
FDK32,2117
FDQ22,423
NCC31,2939
FDG58,2775
DRF48,2786
DRH36,1549
NCR30,756
FDB03,2323
FDZ28,3460
FDR35,2870
DRD15,5035
FDJ33,667
FDA56,430
FDP56,735
NCT30,687
FDK15,1217
FDH44,2832
FDV01,2207
DRG03,2077
FDG50,2906
FDR16,1744
FDZ60,1530
DRG03,2434
FDS56,4637
FDU33,676
DRD27,1194
FDW22,3575
DRA24,2630
FDF38,1074
FDX48,2281
FDS58,3043
FDC32,1327
NCQ29,4060
DRK39,1765
NCS38,1458
DRO47,1481
DRG27,2025
FDC57,4469
FDS55,2228
NCJ06,2321
FDO01,937
NCM55,2922
FDC52,2873
FDQ15,1161
NCT30,2153
NCR42,1980
FDD28,610
FDQ34,1854
FDZ12,3604
DRE13,196
NCN07,920
FDM28,2448
FDI10,2402
FDQ25,2567
FDA38,2328
DRI13,3807
FDY20,2852
NCZ53,2601
NCM31,2042
DRB01,2633
DRF37,3991
NCF42,2967
FDF16,2686
FDB41,516
FDR34,3451
FDR15,2944
NCV42,597
FDW51,2922
FDU36,1267
FDX60,1609
FDY03,1375
FDW55,4010
FDT01,1563
FDG58,2221
FDK21,3691
NCS41,1640
FDS10,2895
NCT53,2571
FDJ28,3463
FDX44,1442
FDT20,1062
FDO44,1454
NCX17,3944
FDY01,1398
FDJ12,4778
DRK35,1062
FDD47,1209
NCM53,1269
FDO45,1241
NCM42,225
FDE04,2868
NCI30,5312
FDZ19,2504
FDW57,2543
FDA25,1523
FDT22,764
FDP51,1659
FDD48,3295
FDY39,2542
FDO48,2034
FDD23,4458
DRN35,1995
FDT01,2796
FDC20,-636
DRJ35,678
FDB32,1450
FDL24,2756
NCV42,1396
FDZ46,1660
FDC15,2041
FDD08,-611
FDY50,1878
FDD36,1726
FDG57,2179
FDL21,1172
FDN16,3062
FDJ09,2112
FDS01,1365
FDV33,3867
DRE12,1489
FDR07,1277
FDP48,1415
NCB55,352
FDQ08,833
FDR34,3308
FDO33,1654
FDP13,570
FDX12,4290
NCT06,3000
FDR16,2307
FDE36,2687
FDZ36,3313
FDV13,1487
NCZ17,152
FDU56,2917
FDM09,2275
FDV02,2383
FDS34,2254
FDA11,1902
FDP09,3036
FDB29,3269
FDT19,2550
DRH15,327
FDY38,3552
FDF14,3857
FDN48,-106
FDQ12,3451
NCJ43,2806
FDE17,1197
FDB05,3477
FDH10,3039
NCR06,432
FDU32,2387
FDD56,3047
FDO36,3215
FDH16,-95
FDX10,936
FDZ37,1197
FDU31,1987
DRC49,2550
FDL15,2424
FDN32,1837
DRH59,2593
NCU29,2750
FDR37,1839
FDS14,2907
FDU02,4922
FDJ08,2545
NCZ06,3933
FDO31,1747
FDH31,2104
FDS58,2308
NCA53,2281
FDF50,3154
NCW42,3845
NCQ17,2396
FDK51,4616
NCW41,1011
NCR29,592
FDB08,1325
FDA40,2751
FDL14,2980
FDB47,3181
FDO03,3253
DRK13,1701
FDX13,2375
FDF52,2808
FDT11,2855
FDB08,2417
FDQ28,2984
FDD29,4045
NCQ29,5460
NCO02,813
FDR56,1433
NCM54,2337
FDP51,1428
FDT38,1122
FDZ20,4416
FDJ53,1679
FDX13,4303
FDP58,2939
NCK31,-326
FDA35,2388
FDV37,3531
NCO07,4854
FDA20,2963
FDZ59,2229
NCY17,238
FDQ28,2035
FDV35,2001
FDQ36,253
FDD34,3050
FDK51,4250
FDV31,2253
FDR04,1181
FDR14,1070
DRC36,1242
FDE39,717
FDP57,2005
FDE57,2201
NCN18,1607
NCQ05,2836
FDW47,1465
FDV46,1822
NCP29,950
FDE09,2219
NCU06,5007
FDT19,992
DRF15,2108
DRI51,2480
NCX54,1469
DRE01,3415
NCB07,3047
FDU50,1425
FDG40,171
FDW10,3130
FDX51,2946
NCP17,1058
FDP21,2717
FDL04,1582
FDV23,1667
FDF24,1303
FDH56,3244
FDB51,1384
FDI58,2940
FDR20,610
FDC51,2464
FDB16,2804
FDE40,1288
NCM17,291
FDU56,2588
FDS32,1091
FDX02,3878
FDT39,4010
FDE35,669
NCI42,2190
DRL23,1656
FDA10,1710
FDA11,1339
NCM06,2435
NCT05,3701
NCQ02,1499
NCY06,2397
FDY56,3145
FDL02,1192
NCI06,2385
FDQ14,2387
FDQ12,3313
FDP36,708
FDK21,5429
FDO40,2376
NCK54,844
FDY09,3235
NCW30,4547
NCC55,2063
FDE58,2251
FDR39,2632
FDU28,3265
FDH08,3346
FDG35,2869
FDG22,976
FDC34,1907
FDP15,4362
FDK34,2241
FDU45,1485
FDQ04,1984
FDX22,3812
FDB45,1362
NCH43,4814
DRE60,3306
FDD17,5165
NCM54,1699
NCH55,1831
NCT06,2313
FDA48,4809
FDY58,5034
FDO25,3248
FDN50,1596
FDH35,2168
FDK09,3529
FDO16,1183
FDW11,1052
FDU47,3761
NCQ42,497
FDK55,2880
FDN08,2196
FDT57,3805
FDJ12,3745
DRL59,569
NCN53,571
FDO51,-765
FDK56,2547
FDY12,350
FDU15,264
FDQ19,3867
DRF15,2466
DRE25,166
FDK57,2259
FDD33,1939
FDR34,5111
FDU04,2028
FDE35,-209
NCD31,2225
FDJ56,953
NCU53,2573
FDD39,2939
NCU17,303
FDJ20,1830
NCW41,2937
FDL52,278
FDS39,1890
DRJ47,2758
FDP13,-1065
DRK39,-260
FDF28,505
FDB09,1987
FDM51,1605
DRM49,1035
DRF23,2479
DRH01,2230
FDH12,3071
FDA28,785
FDW37,1723
FDF02,1496
DRL37,629
NCF43,2263
FDH08,2136
FDR34,2507
NCK19,3348
NCD55,1147
FDT27,4052
FDQ57,2394
FDA47,2099
DRG15,2392
FDE05,2782
FDN46,1515
FDX27,2840
FDT51,1877
FDU33,441
FDJ16,2279
FDD20,787
FDT36,823
DRF15,3854
FDN52,-314
FDC22,4338
FDX15,2385
FDT13,2791
FDU04,1698
FDU31,2281
FDW59,2868
NCO29,2583
FDL15,1995
FDI41,2664
FDQ48,2046
DRI39,613
FDI08,3738
FDC21,2150
FDF58,657
FDS08,1257
FDE47,1985
NCP18,1239
NCR41,1404
FDA27,3838
FDA43,2708
FDA49,1360
NCE55,3314
DRM49,2043
FDF22,4784
FDQ15,1559
NCS54,2519
NCY05,387
FDR45,3748
FDK57,2242
FDF41,2143
FDV21,2012
FDD51,569
FDF33,1735
FDA38,3748
FDR56,3061
NCN41,1612
FDC60,2762
FDB47,3271
DRH01,2472
FDW08,1458
FDF38,2135
FDY32,2159
FDG34,2158
FDG47,2820
NCF18,2518
FDL39,1628
NCH55,1609
DRJ35,1422
FDS44,3230
DRE01,3987
FDY39,2765
FDY32,2861
FDR33,3224
NCP50,1695
FDZ47,1956
FDU57,2756
FDY44,2935
DRH59,1582
FDB03,5073
FDY46,2959
FDM39,2794
FDY36,862
NCM55,2473
FDJ50,-616
DRL60,2221
NCJ54,4013
FDX59,259
FDI07,3045
DRF51,-1216
FDM14,1491
FDP21,3073
FDE40,561
FDE05,1986
FDM13,3507
FDC34,3744
NCI55,2406
NCE43,2998
FDW58,2159
FDG60,3679
FDV31,2397
FDR47,2861
FDM60,-526
NCF06,4544
NCN26,3362
FDQ59,1766
FDF09,614
NCS06,3952
FDT44,1720
FDI19,3525
FDT22,568
NCF54,4127
DRG25,3003
FDB59,2840
FDQ37,2682
FDP56,392
FDW44,2379
FDJ26,1774
FDU43,4158
FDW33,1623
NCX53,3748
FDN56,667
DRF15,2778
FDO33,1442
FDZ39,201
NCJ19,468
FDU01,2606
FDT12,3181
NCM18,1361
FDP19,1546
NCR42,940
FDN10,1828
FDG44,511
FDQ10,2672
DRH13,2085
FDT52,3700
FDM56,1739
NCO43,90
NCV29,2478
NCF06,3953
FDO50,1000
FDT59,3465
FDX40,2026
FDE50,2703
FDX51,2888
NCD30,2001
FDK15,1322
FDL12,925
FDK46,3778
DRH49,-221
FDQ57,2310
FDY59,1227
FDO09,4443
NCG30,1486
FDM09,2339
NCN17,3026
NCS42,1213
FDD02,621
FDE34,2587
FDU38,3016
FDB33,2468
NCJ29,1111
FDZ27,444
FDI40,1303
FDG22,449
FDT51,1553
FDF20,3566
FDV50,1419
FDT02,999
DRC49,1962
FDF26,2821
FDV52,1574
FDX59,950
FDV25,3120
FDW23,2010
FDE53,2162
FDA19,1757
FDH22,1817
NCO41,1405
FDX12,3554
FDF17,2928
FDS11,3567
FDR51,1823
FDT49,-111
FDC56,1601
FDR13,3342
FDQ60,1469
FDN38,4263
NCL29,2201
FDO13,3998
FDE26,2634
FDA31,1030
FDX14,765
FDA34,2823
FDF26,2270
FDE38,2675
DRI11,1774
FDQ60,3250
FDL21,2168
DRC12,4464
FDC47,3412
FDE57,2265
FDT14,1853
NCZ53,2982
FDE28,3949
FDR19,1742
NCF54,1520
FDZ08,1183
NCJ05,2844
FDF59,1917
NCO05,1217
FDW24,1253
NCX42,3125
NCA53,410
FDI45,1593
FDG46,1803
FDM20,2311
FDW11,-554
FDX08,2469
NCK17,287
FDK32,2836
NCA42,2166
DRI01,2323
NCL55,4404
DRE25,1867
FDD14,2379
FDB10,3623
DRN11,1724
FDP38,1272
NCA30,2532
FDT15,2730
NCP55,1391
FDF12,1905
FDM21,4399
FDX56,2831
FDF10,1853
FDT32,3009
FDM51,2098
NCR50,2897
FDI19,4166
FDX21,1369
FDR31,1949
FDY02,3894
NCA29,2802
NCX17,3471
FDM12,3019
FDI53,3858
NCU30,3056
FDC56,3230
FDK27,2430
NCK18,2401
FDB52,2869
DRG25,4436
FDZ13,1167
FDB57,2406
FDR40,1370
NCO14,-445
NCN19,3091
FDQ28,1227
FDO13,3012
FDK48,1122
FDU07,2814
FDW20,1954
FDV12,19
FDH24,2318
FDV59,3769
FDK57,1884
FDL16,1980
NCQ17,2303
FDJ15,3414
FDX24,1945
FDT47,1609
FDT10,1349
FDZ37,1910
FDW43,5118
DRN36,1204
FDJ14,1352
FDA32,3243
FDJ38,1827
FDQ57,2106
NCQ41,1959
FDG56,1328
DRC13,3446
FDV55,1864
FDQ49,2605
FDE29,-813
FDR03,3144
FDD45,1929
FDN38,2319
FDT56,804
FDT48,3277
FDU03,3172
FDC56,121
NCO43,3011
FDQ27,1376
FDR03,3278
DRH23,-999
FDG22,680
NCJ42,1486
FDR24,1390
FDW60,2484
FDJ08,2701
DRL59,1288
FDG60,2063
FDW27,2292
FDX14,1609
FDC20,742
NCS29,4542
FDJ56,1339
FDB20,-7
FDL28,5039
FDW01,2787
FDL03,3108
FDX22,3753
FDJ21,1925
FDR31,2411
FDG21,1863
FDS22,2196
FDK08,1110
FDE17,2819
NCN30,1265
FDT50,1451
NCX42,3036
FDJ12,2934
NCA18,3280
FDP23,2232
FDX12,3770
FDN40,2788
FDV48,888
NCY54,2326
FDL16,-1113
FDR45,4227
FDJ52,2547
DRG01,925
FDP52,3424
FDU58,2722
FDL02,1633
FDG28,3681
FDA19,1639
FDW46,2496
NCD43,2069
DRG39,638
NCF55,1010
FDJ07,1843
FDE08,2260
FDP56,-417
FDT45,864
FDF17,3516
FDX44,1361
FDM28,4268
FDI36,3500
FDS07,1775
FDD36,1931
FDW11,919
FDN40,2765
NCQ18,1784
NCQ54,2373
NCS42,1465
DRH39,-473
FDC09,3143
FDT08,832
FDC08,3238
FDT20,326
FDS35,542
FDX58,3298
FDW58,1681
DRD27,1578
FDH32,249
FDS26,3649
FDQ31,1375
FDP11,3834
FDD58,1271
FDM33,3393
FDZ16,3306
NCS29,2536
NCM18,-351
FDP11,3783
NCC42,1936
DRM23,2519
NCN55,5179
FDK46,3859
FDR01,3124
NCA05,2419
NCP43,2524
FDR12,1223
FDQ01,3675
FDM13,2015
FDQ19,3623
FDK56,1484
NCX06,1373
FDO56,3353
FDU45,1862
FDI16,-542
FDL32,1650
FDA07,1974
FDA14,2314
FDV46,3696
NCO07,3024
NCP41,1668
FDY60,2741
FDN38,3703
FDO15,1228
FDT60,1699
FDA55,3141
FDE02,-220
DRJ39,3842
FDV34,893
FDS20,4290
FDF02,2975
FDW40,1911
NCB43,2793
FDR58,1169
DRJ59,297
NCD30,1289
FDE14,1313
FDC28,2130
FDU16,1766
NCD19,569
FDU21,526
FDV59,4852
FDU03,2995
FDC33,1750
NCR42,202
DRH59,788
NCM31,2022
FDS50,3079
FDP39,757
FDQ55,1740
FDV36,810
FDI05,2569
FDS45,3195
FDA39,726
FDC37,203
FDJ60,4069
DRQ35,1903
NCJ06,1850
NCY42,2775
DRM37,3524
FDR14,673
FDE51,1061
FDT33,2399
FDR08,1588
FDE36,1097
FDL22,241
FDR44,1851
FDI56,75
FDE47,475
FDV27,-50
FDV10,1067
FDC40,1278
NCX41,3154
NCQ38,3153
FDV12,3045
FDE52,1172
FDG20,4133
FDV16,1974
FDI32,1301
FDJ32,1438
FDN39,3087
FDY34,2440
FDC14,313
FDA55,3244
FDZ50,1282
DRG13,2975
FDP01,2212
NCG54,2378
FDM13,2110
NCO18,4287
NCW41,2312
FDM52,3802
NCF55,235
FDT09,2110
NCM19,1362
FDW12,2865
FDP15,2706
FDK36,887
FDZ25,2375
NCW06,3407
FDW60,2865
DRC49,2072
NCT17,2608
NCN06,2919
FDC45,2345
DRJ47,1485
NCF06,4155
FDE21,373
DRG27,379
FDW40,2554
NCO53,2657
FDE23,1103
FDQ16,1661
FDS26,4029
FDZ13,-989
FDS14,2848
FDC10,1914
FDY16,3384
FDJ20,1526
FDV43,243
FDZ32,3166
FDR23,2645
FDN24,349
FDE34,4218
FDU31,3313
FDW33,2050
FDU26,1841
FDE20,4207
NCW05,1113
FDB22,2897
FDO56,1834
FDA19,3468
DRI39,846
FDH52,1433
FDZ50,2476
NCN42,1967
FDB53,2001
DRG11,1387
DRK11,3908
FDQ60,1595
FDT36,162
DRG25,3385
DRJ23,2938
FDG05,2077
NCK06,2421
FDU52,2130
FDW07,1697
NCM17,734
FDA22,2639
NCA41,3494
FDF38,350
FDH52,992
FDY58,2433
FDZ16,2963
NCM18,638
FDA22,2999
NCJ43,2434
FDI34,5034
FDG56,922
FDS34,1752
DRC01,508
FDQ04,204
FDK04,540
FDT51,2211
FDV26,2768
FDS04,2565
FDW43,4067
FDQ28,888
NCK06,1703
FDS23,2354
FDZ36,1727
FDE56,1265
FDW10,4264
NCN14,2872
NCQ18,1451
FDW08,1468
FDU43,3328
FDR33,240
FDM24,808
NCZ05,1579
NCV41,1434
FDV11,3156
NCY05,198
FDV44,3452
FDW32,1665
NCU18,3681
NCC43,3647
FDW19,1614
FDN31,2586
FDI48,871
FDS24,1126
FDF46,2279
DRG23,2044
FDG14,2842
NCY30,3215
FDO28,2444
DRD24,1872
FDI33,1817
FDN32,2908
FDR16,3347
FDF26,2423
NCN29,1261
FDE20,2792
FDA46,2863
FDU28,2942
FDQ48,1663
FDV36,1890
FDR14,1075
FDP23,3146
FDP56,639
FDK48,-288
FDR48,2229
NCY29,1246
FDM22,1317
DRJ01,2276
FDZ43,3900
FDV03,2014
FDX11,4243
NCA41,4510
FDE38,2355
FDI27,1202
FDN32,2728
NCN43,1690
FDB47,4655
FDV03,2126
NCN30,1594
NCV54,410
FDV07,1580
FDP07,3411
FDK48,1620
FDM15,1175
FDY19,3307
FDK46,4027
FDY11,1171
FDH09,772
FDO08,4070
FDU14,3748
FDD22,3139
FDM27,2046
FDL02,3066
NCA17,1989
FDE38,1384
NCG07,3338
DRC27,3665
FDA27,3655
FDW40,2221
DRI11,1658
FDN50,1510
FDR12,2709
FDT34,2897
FDW11,590
NCO30,4379
FDZ34,2733
FDU45,1539
NCD42,257
FDX25,2763
NCR29,933
FDX43,1561
FDB04,-166
FDR49,2041
FDS39,2712
FDW58,1750
FDG22,-484
FDG31,720
NCV53,5286
DRJ37,1957
FDV07,1384
FDW52,3089
FDT15,2987
FDD02,2283
FDM16,850
NCE55,2602
FDB57,3972
FDQ04,458
FDQ47,-952
FDY14,2866
DRK37,2691
FDO25,2896
FDL57,4031
NCK29,2272
FDK46,5599
NCB43,1232
DRE01,5038
FDC46,3211
FDQ23,1738
FDX38,1215
FDG60,4094
FDW55,3669
FDP39,575
FDB20,1679
FDV21,1501
FDZ02,1409
FDP19,3349
FDA38,3464
FDH22,1873
DRM11,4125
FDO12,4575
FDT14,2190
FDW34,2323
FDG04,4461
FDW59,1816
FDR33,2194
FDP32,1930
FDL13,5115
FDD22,1523
FDV40,2655
NCD55,621
FDQ20,-809
FDD28,955
FDC39,3154
NCR17,2276
DRO35,2276
FDF40,4346
FDR31,2754
NCQ41,2854
FDP38,747
NCU54,4655
FDG22,1021
DRK59,3452
FDC37,1647
NCO42,2127
NCT42,2133
FDX27,1187
FDV40,1645
FDT45,2367
FDS47,-84
FDR45,3382
FDB03,3646
FDO49,511
FDU60,4089
FDB26,1313
FDB46,3030
FDQ37,1741
FDN03,3723
NCX30,3968
FDK32,1231
DRM47,2840
NCO02,989
FDP04,878
NCO43,1994
FDD59,1105
FDQ10,2430
FDW45,1943
NCK30,4363
FDU31,3884
NCQ17,1032
FDN01,2441
FDZ19,3074
DRG37,2189
FDE32,621
FDO34,3028
FDM04,-239
FDZ25,3124
FDU08,1982
NCW30,4177
NCM18,729
FDS22,351
NCH18,3572
FDC23,2642
FDY46,2724
NCU06,3509
FDX57,1616
FDX36,4881
FDL16,594
FDT16,2598
FDN16,2059
FDC03,3116
DRF60,3620
FDS27,4600
FDP33,2304
FDJ36,1996
NCR42,355
FDV14,1063
NCP42,2743
FDB50,2521
NCC30,4255
FDA23,2033
FDW16,1187
FDQ52,2155
FDB58,2727
NCP29,1286
NCM05,4181
FDO25,3088
NCM54,2035
NCL54,2755
FDL39,1299
FDF53,3217
NCQ42,1588
FDF58,859
FDZ04,652
FDE26,923
FDS60,2536
FDV58,2676
FDM04,905
FDE08,1899
NCB43,3216
FDU11,273
FDF22,2093
FDE24,1921
DRJ49,2081
NCQ53,3347
NCL41,395
FDR22,1622
FDH04,1175
DRH15,716
FDY40,1265
NCI17,1025
NCC18,2603
FDY28,4640
FDB45,3119
NCL30,2414
FDM10,2988
FDH22,3314
NCZ53,2743
NCI18,3344
FDH14,3713
FDR36,2062
FDW01,2396
FDK02,3228
FDJ02,2799
FDU55,3905
NCV18,2696
FDH14,2636
FDZ37,1536
FDX49,4003
NCD43,1631
FDZ07,747
FDK43,1640
FDR32,4017
FDT39,2311
NCV54,1635
FDF38,1167
FDV60,2969
FDH44,3791
FDS21,988
NCL41,698
FDM46,1031
FDU27,662
NCJ54,3357
DRG51,3091
NCA29,1522
FDR47,3017
NCL19,3725
DRG01,1649
FDG10,984
NCV05,2817
NCH18,2624
FDV14,1784
DRJ23,2591
DRJ11,2842
FDZ03,2617
FDI27,-752
FDJ14,1761
FDU32,1655
FDD47,4018
DRF36,2625
FDM21,3923
FDV10,1137
FDH60,3452
FDX47,1012
FDT19,1375
FDO11,4051
FDH24,3961
FDL02,2056
FDB02,3215
FDA43,3002
FDG52,748
DRC12,2783
FDY37,2725
NCU18,2250
FDU09,525
DRJ25,2063
DRE12,2190
DRL47,1673
DRK01,1531
FDC22,1582
FDG44,585
FDW04,1697
FDK09,3877
NCN43,1602
FDG04,3384
FDH32,-113
DRI47,2035
DRE15,1045
FDY11,772
FDO60,1092
FDQ20,1127
FDO57,3879
FDT14,496
FDA57,1017
DRN35,260
FDJ03,757
FDX28,1205
DRE25,1428
FDR09,3975
FDB23,3243
FDO08,2644
FDQ23,2025
FDW04,1896
DRK13,1397
NCL17,3611
FDY21,2468
FDJ38,4518
FDA37,792
FDV43,471
FDL36,1354
FDD53,688
FDZ19,1136
FDV21,1832
NCL54,3228
DRI47,3749
DRG03,2798
FDG21,2037
FDW03,2171
NCI55,1908
DRC36,1583
FDH22,1573
FDV20,2052
NCU41,4466
FDN46,2970
FDK50,2625
NCA05,3800
DRH01,3058
FDT08,2776
FDM08,3979
FDZ07,536
FDS22,500
FDV35,3779
FDI28,-250
FDW58,3200
FDT52,3930
FDY34,2637
FDR10,2526
FDK57,1562
FDR02,3203
FDX49,3603
FDQ20,643
DRK23,3961
NCW06,2956
FDR31,2064
NCE43,2383
DRO59,2639
FDN09,4227
FDR11,2386
FDO57,2240
NCX18,2859
FDB05,4293
FDQ08,1461
NCG43,1040
FDJ56,1217
FDA13,-1047
FDO56,1591
FDB37,4289
FDZ02,2024
FDQ24,3829
FDM16,1054
FDU35,1919
FDT35,2236
NCX30,4288
FDG04,2713
FDI12,940
FDE35,620
NCP14,3019
NCY53,1744
FDP49,602
FDQ04,346
FDM39,2430
FDO58,1362
FDC56,1485
NCQ54,2633
FDV10,2129
NCK17,626
NCF55,2069
FDV33,3962
NCH29,345
FDA37,3438
FDH46,2095
FDS25,1266
FDH04,2949
FDX52,3012
NCD42,355
FDW47,1630
FDL25,2816
NCJ06,380
FDY09,2569
FDS40,622
FDH41,3041
FDG38,992
FDU03,4246
FDV20,1971
DRB13,3143
NCQ30,1751
NCH06,3615
FDU50,2338
NCO42,1136
FDW09,1763
FDH04,1352
FDC21,1773
FDL21,1116
FDM46,-335
FDT22,-428
FDB28,2670
FDI12,1789
FDA28,2051
FDF59,1785
FDM45,3338
FDQ56,952
FDR46,2522
FDT01,2970
FDD16,2639
NCU30,1057
FDM40,441
FDI56,1025
NCS30,1771
FDU08,1311
FDX51,4581
FDA43,3101
FDX59,-992
FDC37,2116
FDP58,3114
NCY42,1925
FDF21,3430
FDU10,2092
DRL47,2385
FDA58,4235
FDJ22,3342
FDK50,2484
FDO38,800
DRF60,3366
NCZ42,2596
FDD35,2282
FDL25,1426
FDJ16,627
DRK59,4026
FDI50,3653
NCB19,1369
DRI37,458
FDA14,3735
FDC08,3932
FDS45,1689
FDI21,1424
DRJ47,2338
DRE37,4328
FDT55,2956
NCG42,3486
FDA31,2983
NCW42,3504
FDF50,2686
FDK56,3191
FDX10,141
NCK07,4008
FDZ49,3106
FDR33,1570
FDO44,2250
FDA20,2869
NCL30,2038
FDI05,-214
FDQ12,4034
FDH47,1328
FDH34,3381
FDF29,2096
FDG40,990
NCE18,3668
FDP21,1542
FDY50,1104
FDB36,2542
NCZ29,2344
FDU20,2365
FDO56,1714
FDW31,3533
DRH59,981
NCB30,2843
FDK43,3484
FDW43,3694
NCL19,1977
FDJ27,1446
FDC45,2548
FDY40,403
NCM41,1077
NCK18,1486
FDP37,2267
FDA27,5506
NCX30,3520
FDR09,3678
FDG08,4005
NCU30,2442
FDB16,1111
FDM16,946
FDC48,1158
NCF18,2863
FDU46,1976
FDH41,3750
NCN42,826
FDU49,1398
FDB20,2665
FDG50,289
FDW20,1979
NCO55,2036
FDX48,2430
FDU48,2020
FDR48,952
FDK27,1808
FDT35,2389
FDN12,2052
NCE31,-939
FDL21,459
FDV56,1478
FDR16,3047
NCP41,2140
FDJ27,1325
FDA07,1714
FDK55,1803
FDM33,3771
FDY46,2878
FDD36,1850
FDB12,2992
FDF28,830
NCE07,1137
FDW50,3994
NCW18,3403
NCJ17,-144
DRZ24,279
FDS07,1502
NCW05,-111
FDZ22,1757
FDK02,1892
FDZ45,4602
FDL25,1319
FDS08,2804
NCZ42,5195
FDX57,1170
FDF21,2960
FDJ56,1780
FDX10,333
DRG48,1959
DRN37,2513
NCY41,941
FDN28,1752
FDE34,2802
FDR10,2659
FDC32,1080
DRG13,2538
FDP59,2037
NCT53,1057
FDL57,5480
FDN32,1445
FDK09,3919
FDA52,1083
FDC57,3417
FDI09,3255
NCB07,3002
FDP26,1110
FDP40,3264
FDL15,2181
FDV07,1795
FDS03,707
FDE50,3365
FDQ15,822
FDQ33,714
FDT22,640
DRO35,1474
FDJ41,4496
FDQ27,1328
FDC26,1363
NCF43,3765
NCR50,2061
FDE39,2343
FDN49,2007
DRG11,1262
NCA18,2219
FDM36,3153
FDW32,1016
NCQ18,-207
FDX14,2607
FDD46,1974
FDI34,2360
NCJ17,814
FDB52,3658
FDV55,2631
FDC57,2970
FDB29,1788
NCO43,1215
FDG44,809
FDJ34,1994
FDH40,1670
NCD07,3195
FDB41,386
FDH47,1844
DRK37,2679
FDM25,1565
NCX06,2944
NCS05,1851
FDS39,2331
FDC47,4880
FDG20,2518
DRL23,1417
FDY33,2256
NCH18,3880
FDX47,2133
NCB06,2477
FDP36,1288
FDW44,3200
NCU41,3423
NCS17,1413
FDD46,1927
FDE45,2509
FDI09,3344
NCJ54,2115
NCA29,3173
NCN41,3370
FDY34,2295
NCG55,1449
DRM49,552
NCB42,2264
FDE58,1854
DRJ25,449
FDS47,-378
FDY21,3290
NCI54,1583
FDO24,2001
FDY43,2186
FDF35,1939
NCP29,-373
FDN28,3109
FDJ50,1308
FDQ14,3790
FDC37,1331
FDN08,1813
FDD04,1872
FDW34,4277
FDP04,791
NCG07,2655
NCN14,3240
FDJ16,866
NCM42,1806
NCF19,769
FDY21,3319
FDY19,1437
FDV09,2439
FDA28,1896
FDC38,2402
FDL28,3671
NCH43,3763
NCN53,637
NCW05,1246
NCO30,3382
FDT04,-769
FDB27,3512
NCK07,2429
NCA53,665
FDB33,2981
FDU37,923
FDR13,1502
FDE45,3186
FDV37,2769
FDX44,224
NCL06,3769
FDJ28,3069
FDX55,3795
NCK17,1101
FDH52,650
FDN13,2868
FDK44,3000
FDU16,1261
FDZ07,623
NCN06,3917
FDH02,15
NCW18,3805
FDH57,1878
FDV35,2339
NCU29,2142
NCP02,986
FDN44,2377
FDX03,1145
FDR11,755
FDA36,2933
FDP58,4714
FDH31,1656
FDH34,2549
FDS13,3644
FDT01,3878
FDY09,3176
FDV33,5546
NCW29,537
NCN17,1709
FDX01,1857
FDL03,3551
DRL59,1274
DRM11,5513
FDA43,3445
FDZ56,1254
FDI44,1565
FDB50,897
FDU15,-489
NCJ19,-214
FDD48,1657
NCW42,3060
FDL24,2517
NCB30,2947
FDK25,2336
FDW28,3374
FDD47,2301
FDK16,77
FDW37,1284
FDA48,2974
FDA14,1975
FDV15,1276
FDN22,4214
NCD55,738
FDY43,2369
NCU05,965
FDF10,1795
FDR39,3242
FDG40,358
FDZ28,818
FDE02,1382
FDU60,3031
FDM21,3799
FDV52,464
NCW06,2814
FDX36,3071
FDT35,4086
NCL19,795
NCD31,2600
FDE53,532
FDW58,575
DRF48,2985
FDW57,2321
DRH13,1436
FDT33,2519
DRK47,4963
FDY22,460
FDC35,1851
FDO03,3504
FDF24,1389
FDF56,3176
FDD28,717
FDG53,3671
FDO27,6
NCF54,3115
FDC20,2346
FDU10,618
DRA24,3026
FDA02,821
FDG10,724
FDW39,1443
FDP04,-101
NCM55,2687
FDG47,4085
NCU41,2708
NCK31,573
FDZ46,1749
FDU13,3571
NCF19,854
NCJ43,2573
NCJ05,2445
FDS04,3510
FDX28,193
FDB41,2134
FDG53,2159
FDL15,857
FDQ08,1495
DRN36,1328
FDI46,3741
FDG16,4735
FDV32,757
FDF44,569
FDK04,1333
NCA41,2862
FDD51,302
NCZ53,3047
FDP01,3839
FDY25,3307
FDB17,3267
NCV54,2339
FDJ32,700
FDA37,2377
FDG35,2396
NCM05,4604
FDG45,3383
FDH28,371
NCE18,4362
FDH38,1966
FDR56,2873
FDH17,3043
FDD39,3758
FDB41,1082
NCR53,3331
FDX46,652
FDV28,1056
FDA08,3060
FDH45,327
NCS38,168
FDD40,1604
DRM59,2107
NCJ43,3275
NCN29,681
NCC19,2990
FDR56,2650
FDZ43,4208
FDJ32,-564
DRH03,1174
NCZ54,2129
FDE26,1946
FDS03,1014
DRZ24,545
FDO48,4968
FDW39,3199
NCK05,1396
NCK30,3750
FDT27,4193
FDS08,1557
NCJ19,1150
FDC58,804
DRE37,2686
FDW02,1688
FDJ02,887
FDX09,2877
FDT31,1492
FDI24,3132
FDY09,2871
FDV28,535
DRM47,3404
FDT52,2691
FDI48,1303
FDY55,3675
FDU48,1855
FDN25,949
FDP20,2365
FDJ15,2801
FDD04,2559
FDY58,3661
FDR37,3305
FDF44,1882
FDD32,1377
FDR57,2258
DRG39,2312
FDX15,2029
DRN37,2571
FDW40,3780
FDB32,1874
FDM40,2516
FDE39,3360
DRH49,1023
FDT46,1201
NCF06,3716
FDP07,2710
FDC04,3576
FDZ32,1410
FDD50,2544
FDU56,2610
FDV34,950
NCY41,317
NCK18,2637
DRH25,1245
FDT57,3734
FDV56,2195
FDV12,1582
FDN52,1023
FDX38,428
FDE47,2365
NCO07,3201
FDV09,3845
FDZ23,1682
DRH51,1729
NCY54,2518
DRG49,3649
NCC19,3349
NCV53,3883
FDZ47,551
NCO26,2203
NCP02,1031
NCW30,4579
NCN55,3723
FDB20,-333
DRL11,2279
DRD60,2859
FDW14,28
FDL27,-375
FDU09,1332
DRH36,2640
FDP34,3722
FDE04,2573
FDZ57,3543
FDF02,-42
FDG28,3928
NCI31,579
FDT43,663
FDU20,1928
FDD53,561
FDW15,2404
NCT53,2620
NCG55,3262
FDD48,1449
FDG47,4474
FDI21,755
FDT27,3394
DRO35,1630
FDD33,3442
FDC04,3419
FDY34,2490
DRJ49,2457
FDE05,2704
FDU31,3223
NCN19,4454
FDK56,4223
FDK58,1378
NCJ42,1267
FDZ34,4416
FDA52,3286
NCR29,668
FDT48,2854
DRJ51,2272
NCS54,2807
FDV01,2013
DRG51,4025
NCG42,1881
FDA51,2064
FDV19,1042
NCT18,2881
NCS41,2933
FDO03,3593
FDL12,-718
FDY37,809
FDI58,1849
FDT28,2751
NCC42,650
FDO01,1811
FDJ02,2177
FDQ04,1061
DRL47,1783
FDZ32,1364
FDC35,2726
FDX14,1158
FDZ35,1613
FDL14,2328
FDO04,1278
DRK11,2211
FDB44,3801
FDZ50,3270
FDI12,2796
FDU43,3435
FDD58,-5
FDB27,2776
FDB04,1801
NCO17,1767
FDL12,546
DRJ13,2875
FDD57,1593
FDW19,1416
DRD27,2031
FDH27,3705
NCW30,5577
FDR40,1802
FDG05,2251
NCY41,-716
FDI38,3753
FDR20,697
FDE09,1481
FDN50,379
DRF27,2470
DRF51,223
NCO02,-204
FDB51,2438
FDJ50,704
FDN52,1073
FDX14,984
FDT27,2463
FDV10,490
FDU33,587
FDU58,2958
NCP42,4551
FDL51,4901
DRH15,2066
FDU16,1068
FDW15,2078
FDQ44,1964
NCI06,4271
DRK23,2687
FDC28,1341
NCY17,-392
NCV05,2884
FDM34,819
DRD60,4322
FDT38,1292
FDQ57,2754
FDE59,1950
NCM43,2570
DRI51,3062
NCG30,1560
NCK54,1455
FDQ16,532
FDI36,2993
FDX16,3753
FDA34,2739
FDJ48,4308
FDU47,1728
FDS39,2260
FDD11,3925
FDM16,2663
FDU56,3301
FDQ32,1662
DRK35,412
FDA58,3971
DRG48,1133
FDT59,2187
FDQ31,225
FDS51,1457
FDW32,2780
FDI15,5441
NCV30,656
DRG25,3368
FDT02,386
FDO33,3173
FDP38,459
FDZ45,2688
NCA54,4289
FDU33,347
FDN58,3393
FDI05,1156
FDM57,49
NCS42,2826
FDB57,3575
FDC03,3124
FDZ58,1693
NCK29,1900
NCR53,3385
FDE26,3662
FDU52,2799
FDE41,2772
FDU38,3364
FDA52,2378
FDW46,997
DRI59,3221
FDT38,931
FDL33,3451
FDQ01,5270
FDJ08,2863
FDQ47,821
NCZ18,3572
FDE29,528
FDF10,3612
FDC48,1756
FDY58,3419
NCX30,2466
FDV11,2585
FDT46,774
DRD01,-333
FDQ11,3860
NCM41,1184
NCC55,381
FDG45,4676
NCQ54,3080
FDM34,2032
FDD17,2556
FDN38,5329
FDB53,2833
NCL06,3686
NCV18,-57
FDX25,2743
FDB39,851
FDC33,3488
NCO14,1178
FDA58,5072
NCQ02,2705
NCR53,3125
FDN52,1263
FDG26,3971
FDE23,2209
DRI37,646
DRH37,3029
FDO01,1682
FDK45,2196
FDP23,3829
FDM33,2994
FDD36,1636
FDL56,933
FDT27,2152
FDG52,385
NCL42,3438
DRJ24,2843
FDV38,700
FDT35,2674
FDY51,3426
FDC37,1393
NCP43,2681
FDO33,1736
FDW04,2521
NCC31,2451
FDK22,3813
FDJ50,630
FDV13,1174
DRL60,2136
FDW03,1439
FDY27,2449
FDB39,2316
FDU59,2537
FDZ57,2534
FDO21,4008
FDS43,3455
FDU28,1340
FDC51,521
FDW16,-31
FDP32,355
FDB60,1908
NCQ30,1894
FDD26,3289
FDI44,1169
DRH23,650
FDO44,1629
FDG04,2961
FDM32,2926
FDM09,2453
FDZ47,1342
FDM40,3481
FDY48,1350
NCM30,675
FDX36,1849
DRF03,321
FDN51,4516
FDM57,1708
FDB35,1865
FDY13,2703
FDA37,1726
NCX53,1982
FDD59,1716
FDX10,-791
FDC03,3506
FDW43,3220
FDW10,2669
FDY14,5530
FDV43,707
FDO40,2189
FDP46,2836
NCE43,1291
FDD05,1532
FDJ60,1054
DRE27,1881
FDO11,3619
DRG11,3074
FDK33,1918
DRM23,2566
FDJ02,3809
NCZ05,1684
NCL30,1788
FDZ19,3114
FDM45,2265
FDO36,2820
NCK31,887
DRJ37,2429
FDP24,2247
FDF46,1530
FDX46,-273
NCL18,2881
FDJ26,3121
FDJ07,1915
FDY15,2085
DRG01,1217
FDF58,1124
FDZ14,740
FDP31,1259
FDH45,430
FDA09,1033
FDW31,2779
FDA57,612
NCE55,2272
FDC17,2204
FDC59,848
FDA22,2401
FDK52,3077
NCM26,2381
NCT53,2249
FDW45,2773
NCI18,3145
FDE38,3026
FDF08,182
FDY58,2093
FDF58,-105
FDX39,3038
FDB44,3752
FDF28,1839
FDE39,1686
FDT37,4413
FDZ45,2802
FDO40,1998
FDM57,2781
DRG36,2326
FDY36,-294
DRL60,3815
FDS25,320
DRF49,3164
FDP16,3888
FDS60,3231
FDU15,2119
FDK43,1956
FDN25,917
FDE53,2069
FDB22,2168
FDE39,1623
FDX35,3184
NCG54,3000
FDH27,1903
NCK42,3262
FDS25,2004
FDI10,3134
FDU35,1168
FDI04,2828
DRK23,3531
FDB53,864
FDY02,4470
FDM60,300
NCJ31,1822
DRP35,1617
NCQ30,2403
DRL11,958
FDU01,2788
FDR39,2375
FDO08,2592
FDC02,4075
NCZ29,1581
FDF29,627
FDZ23,2648
NCU53,3046
NCW30,3938
NCM26,3910
FDV50,3257
FDW15,2702
FDI35,4315
FDO11,3692
FDN48,1391
NCA17,2723
NCN54,1090
FDP22,555
NCB54,1610
FDD08,672
DRM48,-1136
FDG41,3169
FDE44,1988
FDE26,1822
NCS38,1683
NCJ54,4129
FDI40,170
FDN45,3820
FDU43,3723
FDI04,1534
NCC07,2106
NCC07,503
NCD18,3623
FDU55,3679
FDX59,184
FDR52,3368
NCP17,834
FDQ32,2062
NCT17,3350
FDO10,1404
FDE32,941
FDN44,2562
FDH02,1181
FDK60,1328
FDS24,153
FDL03,1649
FDB46,4737
FDO48,3936
FDZ39,2077
FDT02,2045
FDC50,1160
FDP39,400
DRG15,1351
FDP10,1928
FDF53,4275
FDN34,2746
FDK02,1840
FDC23,2837
FDJ10,805
FDE53,1336
FDR25,3676
FDW50,2519
FDS09,1192
FDW49,1158
FDU51,2705
FDF28,2456
NCY30,3270
FDD44,4103
FDX09,2479
NCF30,1664
FDZ50,1653
FDW37,1281
FDD11,4390
DRH39,1531
FDA36,3352
NCG43,1781
FDF02,1224
FDP57,3112
NCE42,3388
NCR38,5271
FDP03,756
FDO51,350
NCQ42,1976
NCM41,1409
FDH48,2764
DRF60,3657
FDJ27,1120
FDQ14,2170
FDN27,1631
NCQ02,2985
FDJ33,2326
FDP07,4452
DRE01,3941
FDU36,1638
FDL28,3316
NCX53,2214
FDZ39,1514
NCP42,2942
FDJ14,937
FDK04,1266
NCC19,2670
FDS09,1246
FDZ02,1599
FDD35,2335
NCY42,2049
FDB05,3873
FDF20,2699
NCO41,2014
FDC40,2705
FDV58,2967
FDZ57,2139
DRM35,2743
DRN36,1902
FDQ13,1348
DRO35,312
NCD43,1346
FDA51,2092
NCX17,4996
NCZ17,968
FDR11,3841
FDW34,4216
FDN50,1234
FDS09,750
FDS48,2830
FDL44,2979
DRF48,3380
FDA14,2817
NCD30,1884
FDI16,426
NCG06,3689
DRZ24,1465
NCS17,1477
FDB37,3874
FDE10,1643
FDC57,3052
FDM12,3372
FDE24,2511
FDW22,3558
DRD01,2299
NCZ18,5211
FDN49,599
FDR22,1533
FDV08,-383
FDY39,2926
FDV36,2379
FDO60,762
FDU04,3433
FDR20,2254
FDW19,591
FDU40,3425
FDK15,1503
DRF15,2004
FDQ25,2516
FDI48,-358
FDS49,1138
FDV22,2528
NCV42,1726
FDX26,2778
FDI33,1865
FDZ14,2339
FDG10,814
FDM38,1222
FDG26,5461
FDH46,1275
FDN13,1828
FDU57,1951
NCI06,2785
FDM38,862
NCG42,498
FDL39,2869
FDT31,1882
FDV59,3217
FDB49,1273
FDD58,2042
DRN59,645
FDX48,2833
FDQ11,4405
FDY12,1119
FDQ11,4085
DRI11,1566
FDY32,3882
FDS51,986
FDR19,478
DRB13,3519
FDS21,663
FDQ40,2864
NCE55,2463
FDX43,3981
FDS12,2174
DRK01,2908
FDN25,619
FDB60,3018
FDQ13,1095
DRK13,2984
DRF25,1016
NCD42,-485
FDW25,1416
NCV29,4301
NCK42,3046
DRJ13,3902
DRD15,3344
FDM27,2361
FDZ50,3318
FDC04,3753
FDF50,3549
FDP15,4016
FDK46,3636
FDZ56,3075
FDY60,2757
FDB10,3300
FDR57,2575
FDU58,3397
FDH02,1450
FDP48,2731
FDI46,3528
FDW56,2823
NCM19,355
FDS50,4900
FDK24,449
FDO36,2482
FDK45,3268
NCL05,808
FDL32,2125
FDA28,2388
FDY36,1674
FDP32,2386
FDL50,1943
DRC24,2782
NCS18,1416
FDD16,899
NCV18,1084
FDX07,2906
NCZ05,3073
NCI31,334
FDK14,1721
NCR06,793
NCF54,3090
DRG23,739
FDD53,647
NCM31,3595
FDT16,3856
FDR40,974
DRG25,2653
FDT10,580
FDY32,2274
FDN50,1218
FDZ35,546
NCP54,1976
NCD07,1379
FDS02,3636
DRN59,1164
DRB24,2267
FDP37,3285
DRB01,3370
FDR47,2920
NCM31,631
NCF06,5544
NCV17,3539
FDS10,3188
FDN52,908
FDZ48,1545
FDJ48,4268
DRB13,4531
FDV59,3115
FDL32,1280
FDZ12,1776
NCR06,2134
FDP51,1569
FDY22,1909
FDZ38,3114
NCO54,521
FDR23,2305
FDM38,1232
FDS25,1493
FDZ22,1151
FDZ20,2821
FDD45,-197
FDN03,4373
NCW30,4090
FDY24,2236
FDJ26,2050
FDM15,2884
NCW54,2289
FDA23,1631
FDA39,-452
FDZ12,1905
NCB42,1848
FDL16,512
FDO24,1439
NCP42,3052
FDR19,2604
DRL01,3670
FDV37,3062
FDI41,761
FDF58,1425
NCF43,2669
FDN02,3560
NCP41,1355
NCY17,1995
FDL58,5589
NCA30,4268
FDE46,2901
FDY38,3239
NCH29,2980
FDO20,3894
FDP44,2031
FDM02,2846
FDJ14,2738
FDH04,17
DRK23,3893
NCW05,1471
FDF12,2643
FDL51,2162
FDN03,4434
DRJ37,2724
FDM12,1726
FDA16,3553
NCB07,2736
NCI17,64
FDR51,2156
FDJ55,3644
NCZ17,391
FDU25,793
NCG18,1714
DRM11,3763
FDH16,1058
FDZ04,1435
NCX53,1911
FDX38,2324
FDX09,2720
NCW05,1958
NCS41,2605
FDI26,2785
NCZ41,3402
NCK06,1972
FDX23,2995
NCA42,2480
FDC20,1278
DRC49,2668
FDX01,1701
FDC08,3520
FDC02,3711
FDK10,2916
DRC24,2235
FDW16,304
NCU06,3936
DRA59,2851
FDR24,214
DRL35,1184
FDA49,1133
NCC55,527
DRD24,1081
NCE55,3040
FDT33,2811
NCT53,2414
FDS26,3952
FDL22,1878
FDP44,1336
FDC52,2880
FDI53,800
FDZ23,2891
NCT18,2661
FDR13,1870
FDB09,397
FDZ60,1401
FDB11,3464
FDC10,2316
FDW56,2637
FDK14,2840
DRE27,2821
FDA38,3537
FDT11,3087
FDP15,3581
FDV27,1060
FDS36,3198
FDY40,2187
NCF19,1201
FDF53,2858
FDS14,3898
FDE56,818
FDZ19,2353
FDZ46,1561
FDR16,3262
FDG29,1075
NCE30,2952
FDZ40,824
FDG58,2851
DRH03,1314
FDZ47,1577
FDV04,2798
FDZ10,2409
FDG46,1562
NCF07,1644
FDY44,2741
FDB21,3432
FDS20,2479
FDS49,1565
FDX55,4875
NCQ02,3428
FDR25,3845
DRG39,899
FDB46,3270
NCC30,3268
FDE58,1473
FDC05,1800
FDY15,2261
FDG14,2352
FDL08,4275
FDQ47,222
FDN12,1289
FDW10,2554
FDD02,1451
FDX35,2040
FDT35,2588
DRN47,1712
FDB11,1959
FDN20,2701
FDB59,2775
FDJ58,2691
FDU60,2610
FDS03,1393
FDU40,1852
DRH15,1020
FDD04,3634
FDQ01,3848
FDF28,1620
FDD22,109
FDY19,1805
FDN33,1015
FDV36,1621
FDW01,818
FDJ28,3440
FDB17,2441
FDM40,2426
FDV46,2300
FDQ44,2261
NCD42,675
DRH37,2522
FDR10,3044
NCD06,2102
FDI53,2396
FDG16,2935
DRB25,1608
FDY09,2737
FDX48,2488
FDC03,1529
FDT47,1221
FDW44,4181
FDT24,732
FDT12,2524
NCS38,1349
FDO39,2396
FDA13,519
FDO48,3143
DRJ01,2119
FDD53,1063
NCT05,4443
FDQ51,865
FDU60,2515
FDC59,960
FDP36,421
NCM19,1470
FDL16,137
FDE50,3522
NCR18,561
NCD30,1171
FDH31,1469
FDD56,1392
FDC47,3862
FDZ21,1573
FDM01,1973
FDF24,1185
FDW23,301
FDY52,1486
DRH37,4011
DRO47,3125
FDR25,4440
FDQ24,5337
DRJ51,3979
NCU06,3172
NCV18,1652
NCC06,3555
FDZ01,2185
FDT14,1524
FDD11,2786
FDN09,3549
NCO18,1320
FDZ50,2914
FDS44,3438
FDI36,3157
FDA26,1870
NCY53,2123
FDF32,3465
FDF59,390
FDB20,1166
DRH11,492
FDT03,3333
NCH06,3418
FDR55,3237
FDI10,2308
FDZ12,2188
FDM12,3320
DRB25,1695
NCS41,2676
NCT53,2961
NCD55,487
FDY08,2459
NCP55,1301
FDA33,2170
FDQ33,2079
FDE45,4270
FDT26,1707
NCV53,4188
FDK60,2946
NCJ29,1303
FDI15,4118
FDX21,1512
FDV49,2978
DRO59,1126
FDZ14,2020
FDP32,3363
FDC33,2839
FDT14,217
NCN54,2727
FDR57,3955
DRK12,490
FDX52,3490
FDX08,1350
FDP10,-91
NCP50,1318
NCL06,3846
FDP25,3289
FDE53,1495
FDL27,836
FDC35,3538
DRJ47,1148
FDD16,1625
NCN42,2689
FDC38,3414
NCO07,3439
FDQ20,1038
FDI32,1530
FDN20,1180
DRJ51,4975
FDU08,1618
DRN37,1280
FDD05,445
FDW15,2313
FDI52,1808
DRM11,4567
NCO06,448
FDU38,3322
FDU59,2913
FDJ10,2065
FDM13,2463
NCJ30,1412
FDM45,2328
FDP36,814
NCD30,41
FDN48,1163
FDY32,2802
FDU47,2120
FDF17,1910
FDP34,2036
FDA47,2883
DRD27,3031
FDW38,817
FDZ15,756
FDZ03,4373
NCN19,3402
FDG02,2667
FDS31,2520
FDW43,2472
FDZ47,-20
FDO57,2122
NCL07,464
NCV42,1603
FDP40,1563
FDP48,1735
FDH21,2259
NCP02,1351
FDK24,1192
FDC41,1109
FDF08,1075
FDO49,606
FDS56,5580
FDX46,1413
FDQ07,3239
FDC32,-231
FDT21,2749
FDG58,2456
FDW14,1802
DRA12,3647
FDV27,1272
DRD25,1545
DRF48,4355
FDX24,1263
DRJ51,3492
FDE45,2876
FDE14,1610
FDG53,2220
FDT08,2294
DRC27,5293
FDG20,2295
FDC21,1700
FDV31,3130
FDB58,2349
FDV23,1835
FDA25,383
FDC15,2231
FDU47,2497
FDE23,649
FDS08,2597
FDW03,3159
FDJ60,2992
FDM34,1696
FDW33,1405
FDZ40,701
FDE33,1717
NCC06,517
FDU11,1791
FDL44,2312
NCZ29,1673
FDG28,2474
FDL12,1288
FDD52,1236
FDO15,1041
NCN29,2285
FDW36,1504
FDB21,3574
FDZ28,1928
FDY10,1405
DRG39,557
FDN28,1513
FDV15,1115
DRI13,3058
FDH20,1534
FDY51,3218
FDE16,3113
FDX40,947
FDC48,1760
FDS14,2419
FDX56,2973
FDI10,2642
FDI14,1981
DRM48,275
NCH07,3867
FDY26,3164
FDD02,3309
FDM12,2902
DRF01,436
FDV36,1969
DRI59,3333
FDV03,2861
FDO39,2708
NCB07,3473
FDH38,3324
FDZ13,290
NCZ30,1936
NCA06,16
FDB04,1764
FDN50,1339
NCG06,4427
NCY17,958
FDC23,2792
FDK33,3751
FDR03,3735
FDZ07,1002
FDO38,1003
FDS59,1701
DRM11,2811
FDX52,4540
DRJ35,1377
NCP53,3732
FDW15,1145
DRI47,2332
DRZ11,1491
FDS02,2785
DRD49,3978
FDW38,1131
FDR21,1530
FDE40,770
FDI02,1709
FDQ04,764
FDY14,3844
NCT54,1384
DRD25,1436
DRE01,3646
FDJ12,1818
NCZ05,2015
DRB25,437
NCC31,2568
FDM16,1304
DRG11,2006
FDV24,3696
FDV43,616
FDG05,2844
FDV23,548
FDI58,1893
FDQ11,3780
FDC05,4495
FDF40,3825
FDU02,3919
FDT32,2734
NCF06,3865
FDT46,706
FDR58,-57
FDY04,2542
FDT58,2611
FDE46,2800
DRH11,572
DRI51,2637
FDC35,2830
FDP45,3626
FDC45,2428
FDU01,3004
FDJ53,315
FDJ46,2444
FDX07,2778
NCI30,4235
FDE47,3402
FDV48,1400
FDN16,400
FDM52,2138
FDA32,4874
FDH05,3308
FDW25,-107
FDQ09,1751
NCM17,-845
DRM59,2463
FDV47,2722
DRE15,829
FDS25,-3
NCZ05,2076
NCV05,1271
DRM37,2954
FDV58,4376
FDN22,5510
NCO06,795
FDT56,-413
FDM02,1200
FDA09,2664
NCC06,1624
NCL54,3094
NCB55,470
FDB12,1317
NCA54,3199
NCS38,2152
FDC02,4392
FDK44,1311
FDE16,2907
NCS05,1745
FDZ59,2628
FDI20,3047
FDQ14,2315
FDF53,2514
FDW25,1093
NCQ43,-3
FDX52,2882
FDE28,3532
FDN15,1923
FDO28,1533
FDQ33,2345
FDM22,-624
FDJ03,483
FDI16,786
FDI09,5119
FDX55,3214
FDS23,3316
DRC12,3045
FDH41,3848
FDN01,2530
FDV55,2277
NCJ19,586
NCY29,-754
FDP03,2396
FDZ52,1685
FDH31,222
FDQ19,4316
FDS15,1281
FDN32,2614
FDH32,1888
FDF33,1487
FDJ22,2919
FDG56,-570
FDC05,2985
FDK09,3302
NCV29,2859
NCC43,2595
NCA42,2891
FDC10,1824
FDC16,1276
NCL17,2011
FDA51,1279
FDW01,2080
NCF30,1921
FDN49,386
FDY20,1445
FDC15,2280
FDY24,733
NCG43,1259
FDA48,3206
NCF55,360
FDL38,1881
NCQ29,4403
FDC34,2003
FDP36,2378
FDN50,95
FDO23,1704
FDT56,661
FDT13,4447
FDZ03,2747
FDQ03,2109
FDU44,2673
FDD03,3949
NCH30,1543
FDS60,1310
FDG08,2504
FDX38,513
FDD22,1422
FDW51,3112
FDL09,2264
FDZ60,1613
NCH07,2390
NCQ41,3514
FDW04,2429
FDI08,5424
FDR19,836
FDV13,1448
FDB52,3746
FDZ48,3161
NCO14,1149
FDZ50,2701
FDN27,614
FDQ60,1691
FDR49,319
DRJ35,2428
DRI49,788
FDB47,2975
FDP37,166
FDR26,3135
FDY31,1093
FDC11,1281
DRP47,3602
NCY54,2930
FDR27,1996
FDQ21,797
NCQ29,3639
FDJ02,2367
FDE21,2264
FDM39,2762
FDZ01,1426
NCB19,1743
FDU03,2764
FDP27,3228
DRF01,2140
FDM03,1959
FDV01,2368
FDS16,2256
FDO45,1071
NCX06,2495
FDP13,495
NCR38,4277
FDA01,744
FDT26,1560
FDD44,5477
FDB26,725
FDP45,2796
NCP55,911
FDT23,951
FDO51,761
FDA44,837
NCJ31,3967
FDX37,1542
NCD18,4045
FDN40,3803
FDL33,2701
DRF48,2579
FDW08,1118
FDX39,3801
FDB38,3006
FDY46,3300
NCB06,2807
FDA34,2377
FDA35,1956
FDQ07,3020
FDU32,2008
FDU26,1756
FDU13,420
FDO09,3659
FDW03,509
FDB38,2384
FDL26,821
NCN43,2054
FDH08,3724
NCC31,1342
FDH14,1834
FDL40,1398
FDD20,1584
NCV53,3445
FDD16,1197
FDP24,1430
FDQ25,2834
FDM38,441
NCT18,1255
FDM34,2416
DRH37,1079
NCE07,2135
FDG12,1800
FDB59,1646
FDS10,3299
FDN21,1111
FDM02,1505
FDO44,2088
NCN17,1321
FDH16,1876
FDL44,2517
FDY47,1769
DRI39,748
NCX54,2087
FDE59,513
FDO46,3096
DRE13,1389
FDW14,1278
FDF35,1481
FDO50,132
DRF49,1494
FDT60,2394
FDP38,847
FDA31,4052
FDY52,-416
FDD03,5026
FDN52,1692
FDU20,439
FDD22,1270
NCB55,-588
FDN27,1903
FDD16,1018
FDW48,1256
DRN35,576
FDX25,3126
DRD49,3902
FDE21,652
FDN44,2144
DRC01,1231
NCK30,3890
FDU39,748
FDB49,1443
FDS12,1835
FDR57,2986
FDX22,4795
FDC60,1189
NCE42,4066
NCK42,3842
DRE01,3333
FDE57,2674
DRK59,2585
FDB10,5100
FDQ25,2762
FDY26,3057
FDG28,4241
FDM14,2139
NCH29,1944
FDD48,2222
FDC17,3389
DRH49,2811
FDN44,2985
FDC29,1917
DRK01,220
FDD48,1506
FDB59,2953
FDY45,2477
FDX60,796
FDT09,658
DRB24,2890
FDL13,3269
FDN16,1245
FDK57,1675
FDO22,2791
FDC57,1516
FDZ13,2106
FDW27,2143
FDX10,1092
FDY08,2494
FDA49,987
FDC32,1822
FDO04,452
NCZ54,2277
FDY40,907
FDW36,1726
FDE11,2475
DRE37,2927
NCK19,2686
FDT19,2260
FDE56,865
FDZ57,531
FDB35,1089
FDF09,-857
FDO34,2621
FDA55,3498
NCM18,527
FDJ20,615
DRQ35,779
FDG02,2940
NCU29,2756
FDL27,2503
NCA54,2435
FDJ32,594
FDB21,2304
FDR46,1755
FDZ32,1760
DRF36,2709
NCU54,2938
NCI31,202
DRA59,2493
NCC55,686
FDE44,1017
NCN26,2286
FDC11,1602
FDV24,2058
FDR40,271
NCQ17,2761
FDC46,2820
NCM18,905
FDK16,1393
FDI28,1017
FDS11,3992
DRD13,977
FDL36,966
FDI27,615
FDJ53,560
FDS44,3926
FDE28,3554
FDQ33,2741
FDB37,3507
FDQ31,1444
NCQ05,2364
FDE10,1848
FDF38,419
FDE50,1844
DRG37,961
NCH06,4232
FDY14,4162
FDO27,1062
FDQ19,4268
FDZ26,2291
FDN51,3961
FDK20,1643
FDD40,3522
DRI25,1334
FDH56,1551
FDI36,4544
DRH11,1300
NCV18,921
DRI01,3119
DRE48,3515
FDS51,595
FDM38,501
FDB60,4503
FDY58,3221
FDY22,2148
FDF11,5284
FDZ51,1179
FDQ45,2672
FDF17,2722
NCF31,3828
FDA37,1818
FDO51,775
FDF34,3015
FDD57,1967
FDO37,3607
FDR49,1043
FDS39,2669
FDI48,2298
DRM35,3158
FDV57,2467
FDZ55,2406
FDI28,877
FDS21,1103
FDT34,1572
DRI25,482
FDT47,87
DRH39,1135
NCD54,2326
FDU16,2804
NCW29,2109
FDV25,4915
FDM56,1296
FDZ04,2489
FDG59,-607
FDI56,1407
FDS33,944
FDC23,3168
FDT11,3382
FDG17,3947
FDZ44,1923
FDJ52,2401
DRI23,2304
DRE15,-233
NCF07,1451
NCR29,1281
FDE44,-783
FDT23,883
NCG06,3794
NCU41,1454
FDH46,1391
FDV31,2521
NCT41,3934
FDE22,3985
FDC26,1648
DRF51,65
NCY53,545
FDY21,2612
FDL27,873
FDZ34,3400
NCF43,739
FDC21,1358
FDL26,2212
FDT25,371
NCR30,1201
DRL23,541
NCR05,3484
NCE19,1232
FDY07,398
FDB10,3482
FDP57,1448
FDU48,836
FDH48,938
FDO33,1362
NCU29,2416
FDW35,692
FDH05,2023
FDP26,2114
DRG27,195
FDQ33,2274
FDH20,98
FDV14,1363
DRD01,840
NCI17,1989
FDF39,2694
FDX37,1512
NCX17,3178
FDN03,3840
NCS41,1332
FDH34,2965
NCX53,2672
FDY31,2309
FDD20,1736
FDE51,739
FDV27,1390
FDF16,1899
FDZ02,1967
NCK05,977
FDM12,4429
NCA05,2807
FDX33,2484
FDM25,3262
FDE41,1804
FDW14,1574
NCD30,1487
FDB23,2135
FDF45,988
FDW20,1695
FDF47,3431
NCR05,1990
DRB01,2859
FDE36,2460
FDU56,3268
FDB23,3986
FDN48,1792
FDS43,2779
NCN05,2766
NCL53,3182
FDL56,1204
FDH17,2021
FDP37,1798
FDG09,1787
FDA55,3546
FDX31,4126
FDJ41,4154
DRC24,2504
FDQ21,1564
NCT54,1424
FDH08,4047
FDY38,4019
DRM11,2522
FDG32,3637
NCH18,3783
FDI20,2924
FDA33,2777
FDN45,3187
FDT45,-674
FDR32,3198
FDA48,3069
FDN23,1998
NCR18,342
FDD45,1344
FDI22,3600
FDT09,2007
DRC24,3892
FDT39,2414
FDX28,1490
FDA50,1857
FDT33,4144
FDQ60,2235
NCM19,2198
FDF40,3906
NCI30,3422
FDK34,4123
FDA38,5227
FDT02,634
FDC11,924
FDD08,624
NCS29,4059
DRI03,1319
FDK48,802
FDM52,2757
FDP49,534
DRA24,2568
NCJ43,3141
FDE11,2807
FDP01,2798
FDQ59,1872
FDA43,1792
FDL14,2210
FDV50,543
FDT01,4570
NCC42,1816
FDO28,1808
FDD32,114
FDV45,2525
NCW17,861
NCJ17,2641
NCF18,3295
FDP01,2440
FDH24,2525
FDI38,4803
FDX03,337
FDY28,3197
FDN34,3143
FDJ02,2434
FDW40,884
FDX03,414
FDE17,3856
FDT58,2538
FDI38,3161
FDW22,3188
FDS15,3152
NCX06,2711
DRK47,3203
FDC23,4278
FDM56,91
FDP21,3024
FDP58,3257
FDA27,2860
FDK41,-79
NCH42,3609
FDG29,692
FDW15,2814
FDD28,1363
FDQ37,3340
FDC23,2441
FDV13,1077
FDK33,3322
FDO33,1523
FDN21,2192
NCW06,4461
FDI38,2951
FDC21,3179
NCS05,2060
NCN53,1025
FDV40,-273
FDG60,3325
NCY30,4349
FDM40,2088
NCO30,2896
FDK10,2868
FDM36,2775
FDN10,1668
FDM46,1744
FDX50,2042
FDP33,3945
FDO12,3165
FDC28,1551
FDO31,1397
FDX45,1949
FDV21,2171
FDH04,1926
NCG54,2428
FDO13,2506
FDA09,4138
FDC38,1686
NCO42,2238
FDL45,2336
NCK31,684
FDM39,2529
FDC22,1377
FDF46,1678
FDQ37,2970
FDH41,1734
FDQ04,561
NCQ02,4489
FDJ57,4461
NCE07,2659
FDE56,618
FDI20,3665
FDK36,1301
FDP08,4389
FDF44,1802
NCU53,2371
FDF47,3038
FDS55,750
FDZ52,23
FDL04,1973
NCM26,2035
FDX43,3115
FDP52,3938
DRK49,674
FDE38,2430
DRF13,1921
FDK41,-403
FDJ04,3211
FDZ44,2326
FDS11,3393
FDA55,3913
NCW53,2982
FDB49,3124
FDD23,2704
NCV42,1819
NCZ29,2401
FDQ26,738
FDV08,369
FDC53,2024
FDV58,1317
NCP02,-273
DRI37,836
FDQ12,4001
FDE33,1182
FDX27,1454
FDM22,572
NCH30,531
FDC04,3496
FDO38,1241
FDV52,3209
FDB32,1319
FDV43,1119
FDI24,3186
FDR40,1112
FDW02,2416
FDE44,916
FDL38,1454
NCT54,120
DRJ39,1920
FDW55,4356
DRF13,1103
NCW17,2454
FDP13,175
FDS08,3173
NCP17,668
NCO53,2343
FDH19,2847
FDJ04,1463
FDG10,1391
FDA40,-258
FDI53,2489
FDU09,-641
FDK60,1545
FDR43,79
FDW22,3234
DRP47,2166
DRG48,857
FDA14,1873
FDU49,1322
FDK28,4057
FDT19,2583
NCQ42,2008
FDD03,3662
NCM53,1501
NCX53,2290
FDV14,2805
NCZ54,2191
FDB39,708
DRC24,2386
FDY36,1050
FDN01,2472
DRH25,826
FDV08,747
NCP53,4147
FDU52,1066
NCI42,3333
FDZ14,1562
FDF11,3816
FDQ13,1848
FDO32,-962
DRJ37,2818
FDY43,2517
NCT41,2102
NCV17,2187
FDM04,2325
DRB48,1100
FDM24,2219
FDT37,4381
NCO05,23
FDL13,3647
FDL15,2100
FDB11,3900
FDL14,1393
FDY10,588
FDJ40,2156
NCW18,3620
NCY06,1820
DRE13,1827
FDA26,3453
NCE19,-796
FDE33,897
DRL59,2322
FDY07,763
FDF57,3127
FDM58,1323
FDP26,3149
FDY32,2439
FDD51,-653
FDU22,2240
FDZ49,3824
NCI42,3022
FDT04,1962
NCU41,3011
FDS56,4233
NCN42,2068
FDK34,3705
FDB03,3328
DRJ25,229
FDT25,3385
FDN20,2436
FDP09,3160
FDM20,2626
NCG55,1765
NCP14,1603
NCH06,3769
FDV52,1567
NCL07,288
DRJ11,4372
DRO59,983
FDW15,800
NCQ30,1528
NCN54,53
FDY01,3122
FDX39,2986
FDH53,2826
FDA57,272
NCC07,196
FDU28,2713
FDK36,-638
FDR36,1068
NCQ17,1945
FDS28,-390
FDE08,2351
FDU22,1777
FDG41,1768
FDO31,-199
FDM21,2757
FDU40,2729
FDV36,2435
FDT10,2396
FDX38,846
NCU30,4110
NCV06,3489
FDT16,3837
NCP41,3199
FDZ56,2390
FDC22,2535
FDU10,273
FDS46,1910
FDO08,3019
NCV42,2206
FDP33,3514
FDJ12,3257
FDH04,1554
NCU54,3023
FDO36,1206
FDT37,5469
FDD14,1048
FDA16,3302
NCS42,191
FDP10,214
FDQ28,2798
FDK57,480
FDK02,1574
FDW47,2335
NCC42,2624
FDQ37,3389
FDL40,1499
DRE13,-72
FDQ34,2909
NCB54,1988
FDS48,2798
FDO15,1267
NCT30,505
FDU49,2856
FDE21,1805
FDS49,-55
FDT38,2776
FDZ01,1759
FDC41,695
DRG13,997
NCZ42,4210
NCM07,1406
NCV17,2531
DRK39,1000
FDS37,2273
FDV12,317
NCG19,3957
FDS51,828
NCO14,687
FDC38,1939
FDN15,2226
NCH42,3427
FDQ22,579
FDC05,2831
FDZ31,2756
DRJ23,3356
FDC52,2104
DRD12,-187
FDV55,1980
FDD32,1279
FDR01,3655
FDY08,692
FDQ45,3061
DRN11,3535
NCS05,2594
FDY32,2063
NCD31,2687
NCE06,2873
NCP14,1496
NCF18,1681
FDF14,2850
FDB22,2055
NCH54,2848
FDU27,232
FDS58,4016
NCU29,1939
FDJ57,2821
FDL56,1621
FDH60,2650
FDN24,1180
FDD02,1668
FDP15,3695
FDB28,4433
DRC49,2290
NCG30,2256
FDJ14,1746
FDL52,688
NCG19,4961
NCN41,1546
FDW22,3388
FDI02,1503
FDV51,2648
FDV48,1259
NCL17,958
FDP46,1480
FDU10,660
FDT37,2516
FDI27,408
FDN51,4118
FDW07,871
FDN45,3760
DRN37,4117
DRF48,3340
FDP38,-352
NCX18,4583
FDK45,2260
FDZ37,1842
FDS50,3917
NCR54,3429
NCS17,1043
FDV31,2675
DRE27,1093
FDN60,2242
FDK26,2798
FDX37,1946
FDW31,3108
FDX26,3243
DRL49,996
FDU49,1124
FDY58,3561
FDN03,4031
NCV06,1616
FDH53,1407
FDG31,1489
NCC06,2090
FDS13,4449
FDP16,3482
FDA35,1737
DRP47,4252
FDY28,2013
FDY20,1036
NCH30,1429
NCR29,-324
NCP05,2227
NCF30,541
FDA08,2325
FDN51,5675
FDH12,1594
FDY39,2630
NCO53,2719
FDB40,2332
FDH02,1887
FDY11,2526
FDQ09,548
FDP16,3687
NCF55,1038
FDY09,4252
FDY39,2956
NCU53,2987
NCT41,2754
FDJ45,478
FDR28,2448
FDN08,1668
FDJ07,2270
FDZ09,3938
FDQ14,2066
FDY12,2215
FDK57,1813
FDD20,2389
FDS36,2235
FDI40,1914
FDJ40,1809
FDE08,2107
DRK01,1315
FDC58,1082
FDE50,2987
FDX48,2057
DRM35,3194
FDG41,1529
FDB52,3981
FDV19,2583
DRG48,2050
FDI26,2682
FDU11,576
FDF59,735
FDR07,1842
NCE06,2207
FDE10,2027
NCO55,1610
FDZ13,751
FDT50,1271
FDH12,44
FDD21,1940
NCM05,3938
FDK04,840
FDN33,1237
NCM18,-623
DRC25,1746
FDT47,1326
FDD45,2848
NCD07,2228
NCY54,880
FDL12,1257
FDL02,1300
FDC60,990
FDR37,2551
FDY16,2709
FDU26,1969
FDN24,514
FDH44,2207
FDE23,-785
FDW60,2582
FDQ55,2301
FDV32,2364
FDV03,880
FDY14,2590
NCL55,5391
DRF25,347
FDX03,679
FDF40,3977
FDX24,83
FDA25,1994
FDH21,2951
FDB47,1714
FDT34,107
FDS39,836
NCU05,1189
FDE02,1752
FDL25,977
FDC50,1717
FDZ32,2127
FDV14,1402
FDR07,1500
FDB26,1272
NCR50,2477
FDP01,2838
FDH57,2115
FDM60,2115
FDA45,2500
FDU55,3779
FDH40,917
FDG40,-657
FDT12,3944
DRL59,913
FDT47,2082
FDI60,806
DRF51,1858
NCK31,1190
FDB08,2596
FDM44,1245
FDD46,2694
FDR27,745
FDV56,300
FDM02,1740
FDU45,2257
FDZ10,1678
NCK31,-671
FDR27,1681
FDF33,1568
FDJ36,1505
FDP33,4294
FDG17,3867
FDG47,5534
NCW29,2008
DRH59,839
FDR32,3301
FDP48,2525
FDG17,3519
DRJ59,396
FDY48,3111
FDB02,2779
FDN10,648
NCD55,320
FDX34,1712
FDZ38,2775
DRF37,4417
DRL47,770
FDL27,719
NCP53,3345
FDT03,1780
FDJ28,2628
FDF40,4374
FDA32,3032
NCP02,662
FDZ31,3011
NCQ29,3841
FDP57,97
FDL32,3143
DRB01,2705
FDJ40,1717
FDO24,2735
FDO11,4391
FDA56,1573
FDF02,1599
FDA10,1570
NCI55,1672
FDZ40,-652
FDV08,1093
FDN48,1207
FDU57,2058
DRF49,1587
FDS02,2566
FDS43,2900
FDT16,3918
FDX19,5034
FDK15,1440
DRA12,2568
FDY35,510
NCU42,2530
FDD26,2720
FDR11,2853
NCP53,3812
FDP34,2363
NCV41,604
FDN20,3069
FDZ16,3566
FDZ28,2393
NCL55,3729
NCJ17,1119
FDT37,4039
FDV51,3031
FDZ28,1656
FDN27,1657
FDS14,1234
FDZ58,1949
FDD46,2267
FDJ03,384
FDU03,1207
FDA33,3792
NCW53,2630
NCC55,287
FDP52,2366
FDE39,2305
FDB44,2976
FDG59,476
FDI05,911
FDF59,2018
FDM39,1602
FDB14,1181
NCS05,978
DRJ35,1027
FDO31,131
FDA31,2598
FDX40,918
FDW56,3031
FDH09,1232
FDA52,1372
FDF20,1930
FDE40,877
NCU17,1453
NCP14,1171
FDN25,2349
FDU39,1324
NCM05,3863
FDU07,2050
FDF28,2408
FDR57,2966
FDJ33,1806
DRH23,299
FDQ52,3741
DRK13,2568
FDP09,3283
FDR08,3240
FDV50,1849
FDT13,3401
FDJ27,2951
FDH21,2452
FDW14,2881
FDL52,1066
FDW28,2723
FDL40,1957
FDE24,2112
FDX35,3964
FDP46,1020
FDX56,3264
FDQ45,3391
FDK50,4001
FDY26,3399
FDQ09,1508
FDN39,3198
FDP13,278
FDR51,2290
FDZ49,1724
FDL28,4058
FDZ10,1584
FDK38,2147
DRL49,3672
FDR15,2289
FDQ24,3514
FDD56,2528
NCR42,569
FDH52,1093
FDH57,872
FDR15,1084
FDJ34,1550
FDW37,940
FDQ23,2081
FDP34,2159
FDE04,4362
FDC48,1373
FDA47,1183
FDI35,3259
NCV05,2304
FDR28,2652
FDH31,1374
FDP59,442
FDS19,1648
FDM60,737
FDJ44,3095
DRH51,987
DRC25,1073
DRE25,1233
NCX05,2111
FDR11,2097
DRP47,3814
DRC49,991
FDQ47,1878
FDL20,1430
FDM34,1730
NCN55,3547
FDD41,1248
FDE52,1871
NCT18,1573
FDJ32,1365
FDE16,3296
FDZ09,2501
DRZ11,1842
FDK41,1617
FDE56,1202
FDH34,2766
DRI49,872
DRI59,3496
DRC36,3143
FDS15,410
FDI07,3563
FDZ15,2342
NCX41,4807
NCO29,1445
FDF57,2471
FDI33,1066
DRJ47,3068
FDB34,1306
FDY22,3559
DRL11,2201
FDY46,2563
FDG17,3693
FDE52,1943
DRP47,5237
FDO01,563
FDL09,2514
FDR57,2382
DRD37,455
FDQ36,1929
FDL33,3398
FDL48,797
FDL28,4021
NCN29,786
FDO13,2213
FDB38,2629
FDI36,2709
FDI58,1068
FDH22,2334
FDQ27,1528
FDT33,2637
FDC56,1811
FDF14,2507
FDQ39,2671
NCM43,2340
FDS46,1528
FDI22,3557
NCE43,2633
FDZ36,1399
FDR13,701
FDP46,1791
FDW56,1737
FDB40,2083
FDM28,3234
FDV49,4003
NCS53,2828
FDO03,4027
FDT15,2542
FDD33,3900
FDX13,3735
FDH60,2876
DRH51,1225
NCL07,1124
FDW51,3376
FDF21,1742
FDH26,1062
FDJ03,1178
FDU35,1226
DRL01,4034
FDE59,604
FDI60,693
DRH39,705
FDK36,1243
FDN52,1300
FDU12,3824
NCT05,5497
FDS37,3313
FDK24,378
DRF36,2842
FDN46,-139
NCN06,2492
FDD59,898
FDM14,1780
FDO10,1432
FDU35,1331
NCA30,3252
NCO41,1965
FDI24,2676
FDZ16,2837
FDV47,1246
FDV16,720
FDZ22,922
FDO20,2213
FDW38,829
FDW52,2668
FDT43,-321
NCS29,4168
NCC31,2199
FDA21,2673
FDQ55,1875
NCE54,1596
FDD45,1275
NCP17,741
FDR47,2536
DRM35,2566
FDR47,1694
FDX19,1994
FDV22,3992
FDQ46,3179
DRO47,1784
FDB44,1864
FDN02,1608
FDW10,2723
FDJ41,2969
FDM50,946
FDW10,2337
FDY48,2030
NCE30,4705
FDO04,964
FDQ26,-629
NCX29,2673
FDE39,1840
NCR54,4436
NCP55,2404
FDX22,3117
FDI05,782
FDC51,3514
FDC10,1690
FDJ46,2853
FDV10,-826
FDX12,5390
FDL43,73
DRB13,3035
FDF59,3415
FDT35,2985
NCJ19,419
FDT35,3189
FDI48,774
DRC24,1237
NCZ05,1333
FDJ57,3378
FDX11,2517
FDE09,1408
NCK06,2357
DRE37,2613
FDV56,1711
FDY43,2256
FDV35,2087
FDF05,2944
FDA36,2575
FDS13,5447
FDU47,1981
FDI36,1539
FDH48,1300
FDZ14,1779
FDS46,1743
FDE21,1603
FDA26,3845
FDV12,1542
FDL46,594
FDN57,2035
NCJ18,1386
FDO36,2796
FDX55,3800
FDT25,685
FDD16,1558
NCX18,2951
NCG55,2242
NCV18,1625
NCS18,1323
FDC37,1742
FDE47,1916
DRG49,2579
FDC39,3712
FDH24,1359
FDV39,4617
NCL17,2275
NCY53,1368
FDH52,868
NCD19,1351
FDI44,1073
DRD49,4980
FDN08,1474
FDO20,5282
FDY02,4048
FDX23,1562
FDX01,1583
FDH20,3035
NCX41,3068
FDD21,3316
DRH11,-426
DRE60,3795
FDB10,3505
FDH38,1740
NCL07,1074
FDD48,1777
NCT54,2808
FDF32,4525
DRH51,1337
DRG03,2027
NCY42,1128
FDH32,1163
NCJ06,3364
FDH47,2876
FDZ08,1668
FDK16,1086
DRG01,1623
NCM53,3095
NCB07,2645
NCZ06,3498
FDU48,2410
NCB55,2210
FDP15,3927
FDF17,3059
NCN06,2873
DRM48,928
FDH10,3012
FDC60,1771
FDE35,1477
DRI23,2204
NCR38,3677
FDP04,650
NCW17,2124
FDX34,1615
NCK53,1609
NCO54,-573
NCH55,1973
FDT44,3201
DRG49,3741
FDX46,-605
DRG36,2976
FDU37,1692
FDK10,3295
DRF37,5476
FDC44,1184
FDP15,3929
FDZ27,2280
FDY22,775
DRG51,2275
FDN58,3720
FDW01,2774
FDX24,1973
FDO51,452
FDJ52,4024
NCY06,467
FDE20,3175
FDT23,-344
FDQ51,815
FDE35,962
FDB46,3184
NCG19,3098
NCL06,4472
FDT36,-527
FDC56,2186
FDJ26,3720
FDZ59,2324
FDV11,4196
FDR13,378
FDI15,4486
FDF47,3835
NCB54,820
NCK19,4400
FDX16,2050
FDL50,2070
NCE31,-17
DRJ01,2826
FDE22,2364
FDY20,140
NCO14,791
NCR50,2132
DRM47,2723
FDO27,-304
FDJ20,3360
NCX17,3373
FDG59,967
FDD52,1561
FDO48,3257
FDC59,-188
FDS15,2131
FDB47,2886
FDV14,175
FDB27,2841
FDA35,1587
FDN51,4592
FDO39,1436
FDB28,3425
DRJ25,577
FDH46,3069
FDI10,2744
FDU21,950
FDD09,3245
FDD10,2787
FDN31,1409
FDA46,3396
FDM56,1577
FDF11,2341
FDS32,2685
NCM06,2187
FDZ26,3688
FDO01,1918
FDJ46,3128
FDG26,2841
FDZ38,2399
NCO55,1408
FDT60,1526
FDW37,1694
NCK42,3831
FDA45,2518
FDW55,4475
FDY44,2859
FDQ31,1113
FDM09,3047
FDH12,2038
NCQ43,1410
FDT33,2304
NCT41,2775
DRJ25,-1008
NCQ41,3084
NCN17,1967
DRO35,3312
FDU27,1299
FDY43,4176
FDG46,1503
DRL49,2673
NCB55,1121
FDK28,4437
FDO49,943
FDT03,2711
FDW33,3013
FDR02,1382
FDF50,2835
FDA40,1774
NCT53,3118
FDY60,1925
FDP44,3048
NCQ50,3403
NCC30,2529
FDQ60,2287
FDG41,1677
FDQ03,3778
FDM03,1604
FDZ51,1934
DRF51,39
FDF39,3883
FDW52,2303
FDY22,2770
FDG14,2212
FDA57,339
FDL45,806
FDX28,1394
NCQ54,2525
FDH40,1299
FDU52,2077
FDT60,345
FDK08,1543
FDN04,3288
FDE50,2821
FDI16,1092
FDM50,1451
NCV30,1325
FDT44,1545
FDY60,2176
FDT56,570
FDV58,3354
FDU04,1832
NCN05,4360
FDI53,2874
FDD34,2593
FDW47,3359
FDT51,3291
FDO27,1180
NCQ18,1889
NCW05,1362
FDI15,2374
NCH43,1824
FDT40,2305
NCG19,3182
NCM30,221
FDB38,2242
FDB22,2284
FDC58,669
NCI29,2061
FDA23,52
DRG48,2139
FDV21,1596
NCG18,454
FDG40,601
FDU24,1831
FDA22,2942
FDY35,771
FDJ15,2981
NCW18,4212
FDK56,3275
FDF44,2068
FDP51,2242
FDU22,3210
FDM28,2506
NCL42,3783
FDJ15,1794
FDI32,2277
DRL11,2460
DRO59,1613
FDA07,810
NCO53,2469
FDO21,3663
FDW39,2963
NCV17,1907
FDE22,2438
NCB06,2856
DRF48,2629
FDB05,3665
FDP28,5494
FDP23,3436
NCS41,3375
FDS40,1092
FDA16,3189
FDN20,2296
FDF04,5544
DRG36,2983
FDW16,1938
FDU09,593
FDW01,2351
FDB15,4057
NCJ17,1595
NCT18,3285
FDG16,3683
FDP27,2618
FDQ44,3367
FDL50,3461
FDW57,4177
FDS34,1590
NCV30,542
FDD26,3345
FDA03,2374
FDS27,3598
FDM12,2753
NCV42,3205
NCS41,2928
FDN56,2634
DRK59,3578
NCG18,1618
NCN26,1591
FDI60,2489
NCI43,1192
NCL17,2616
FDQ19,2785
FDY43,2921
FDR36,1007
FDJ58,3025
DRY23,683
FDK26,4494
DRH03,1538
FDC10,326
FDD23,2774
FDP32,1988
FDO31,964
FDQ57,2173
FDX32,3658
FDC39,4527
FDU55,4064
FDL45,1762
DRK37,3365
FDK22,3230
DRG37,3957
FDK22,3113
DRH36,1591
DRC36,3187
DRE03,2208
FDF34,3141
FDZ22,1269
FDC44,-54
FDN31,4354
FDO03,3368
FDA01,1416
NCH42,4040
FDF46,2197
DRL35,663
FDW46,1387
FDB58,2270
FDD47,2984
NCO17,1880
FDJ26,3182
FDU37,1260
